sku,key,value_text,value_numeric,value_boolean
22203.261.001,cut_level,,9,
22203.261.001,filler_free,,,true
22203.261.001,silicone_free,,,true
22203.261.001,machine_compatibility,Rotary,,
22203.261.001,machine_compatibility,Orbital,,
22984.260.001,cut_level,,9,
22984.260.001,filler_free,,,true
22984.260.001,silicone_free,,,true
22984.260.001,machine_compatibility,Rotary,,
22930.261.001,cut_level,,8,
22930.261.001,filler_free,,,true
22930.261.001,silicone_free,,,true
22930.261.001,machine_compatibility,Rotary,,
22930.261.001,machine_compatibility,Orbital,,
14992.203.001,cut_level,,10,
14992.203.001,filler_free,,,true
14992.203.001,silicone_free,,,true
14992.203.001,machine_compatibility,Rotary,,
22771.261.001,cut_level,,6,
22771.261.001,filler_free,,,true
22771.261.001,silicone_free,,,true
22771.261.001,machine_compatibility,Rotary,,
22771.261.001,machine_compatibility,Orbital,,
22911.261.001,cut_level,,3,
22911.261.001,filler_free,,,true
22911.261.001,silicone_free,,,true
22911.261.001,machine_compatibility,Rotary,,
22911.261.001,machine_compatibility,Orbital,,
22029.261.001,cut_level,,3,
22029.261.001,filler_free,,,true
22029.261.001,silicone_free,,,true
22029.261.001,machine_compatibility,Rotary,,
22029.261.001,machine_compatibility,Orbital,,
22748.261.001,cut_level,,5,
22748.261.001,filler_free,,,true
22748.261.001,silicone_free,,,false
22748.261.001,machine_compatibility,Rotary,,
22748.261.001,machine_compatibility,Orbital,,
22748.261.001,machine_compatibility,Hand,,
20144.261.001,function,Surface Preparation / Matting,,
20144.261.001,cut_level,Sanding Grade,,
20144.261.001,filler_free,,,true
20144.261.001,silicone_free,,,true
20144.261.001,machine_compatibility,Orbital,,
20144.261.001,machine_compatibility,Hand,,
23003.391.001,silicone_free,,,true
23003.391.001,application_method,Hand,,
23003.391.001,application_method,Machine,,
Q2M-CMP1000M,cut_level,,10,
Q2M-CMP1000M,machine_compatibility,Rotary,,
Q2M-CMP1000M,machine_compatibility,Orbital,,
Q2M-CMP1000M,silicone_free,,,true
Q2M-CMP1000M,filler_free,,,true
Q2M-CMPR1000M,cut_level,,10,
Q2M-CMPR1000M,machine_compatibility,Rotary,,
Q2M-CMPR1000M,machine_compatibility,Orbital,,
Q2M-CMPR1000M,silicone_free,,,true
Q2M-CMPR1000M,filler_free,,,true
Q2M-CM1000M,cut_level,,8,
Q2M-CM1000M,machine_compatibility,Rotary,,
Q2M-CM1000M,machine_compatibility,Orbital,,
Q2M-CM1000M,silicone_free,,,true
Q2M-CM1000M,filler_free,,,true
Q2M-PO1000M,cut_level,,6,
Q2M-PO1000M,machine_compatibility,Rotary,,
Q2M-PO1000M,machine_compatibility,Orbital,,
Q2M-PO1000M,silicone_free,,,true
Q2M-PO1000M,filler_free,,,true
22200.261.001,filler_free,,,true
22202.260.001,filler_free,,,true
22984.281.001,filler_free,,,true
22828.261.001,filler_free,,,true
22992.261.001,filler_free,,,true
22992.261.001,silicone_free,,,false
Q2M-GP250M,function,Glass Cleaning & Preparation,,
Q2M-PPR1000M,function,PPF Renovation & Protection,,
700209,function,Clean & Protect,,
700209,scent,Vanilla,,
74391,function,Clean & Protect,,
74391,scent,Vanilla,,
SGGD188-02,material,Foam (Köpük),,
SGGD188-02,size,105 mm,,
SGGD188-02,features,Ergonomik kalın yapı,,
SGGD188-02,type,El uygulama pedi,,
3229,material,Microfiber Plush,,
3229,size,12x10 cm,,
3229,features,"Ultra yumuşak, çizmez",,
3229,quantity,2 adet,,
3229,type,Peluş aplikatör,,
3224M,material,Microfiber,,
3224M,features,Hassas detay çalışması için parmağa takılır,,
3224M,quantity,6 adet,,
3224M,type,Parmak aplikatör,,
3224M,design,Parmağa geçmeli,,
3235,material,Dual Foam (Siyah/Turuncu),,
3235,features,İki farklı sertlikte yüzey,,
3235,quantity,2 adet,,
3235,type,Çift taraflı sünger,,
3235,design,Dual face,,
ACC-SPG-2,material,Foam,,
ACC-SPG-2,features,Ele oturan ergonomik yapı,,
ACC-SPG-2,type,Lastik parlatma süngeri,,
ACC-SPG-2,quantity,1 adet,,
SGGD190,material,Melamin,,
SGGD190,features,"Sadece su ile çalışır, kimyasal gerektirmez",,
SGGD190,type,Melamin sünger,,
SGGD190,function,Leke silgi,,
SGGD296,material,Foam,,
SGGD296,size,31 cm,,
SGGD296,features,Elleri kirletmeden uygulama sağlayan saplı tasarım,,
SGGD296,type,Lastik uygulama aparatı,,
SGGD296,design,PRO serisi,,
11075-RE,material,Foam,,
11075-RE,color,Kırmızı,,
11075-RE,type,Çok amaçlı el aplikatörü,,
Q2M-CA10P,material,Süet + Mikrofiber,,
Q2M-CA10P,quantity,,10,
Q2M-CA10P,design,Çift taraflı,,
Q2M-CAP10P,material,Süet + Mikrofiber,,
Q2M-CAP10P,quantity,,10,
Q2M-CAP10P,features,"Ekonomik versiyon, çift taraflı",,
Q2M-CAP10P,design,Çift taraflı Light,,
Q2M-MFAE,material,Microfiber,,
Q2M-MFAE,features,Ergonomik cep tasarımı,,
Q2M-MFAE,design,Parmak tip,,
Q2M-TA2P,material,Foam,,
Q2M-TA2P,features,Lastik yanağına tam oturan kavisli yapı,,
Q2M-TA2P,quantity,2 adet,,
Q2M-TA2P,type,Sünger blok,,
Q2M-SPE,material,Foam/Microfiber,,
Q2M-SPE,features,İç temizlik için ovma özelliği,,
SGGD004,function,Araç Yıkama Süngeri,,
SGGD004,material,Poliüretan köpük,,
SGGD004,color,Siyah,,
Q2M-BL,size,Büyük Boy,,
Q2M-BL,material,Mikrofiber,,
Q2M-LB,design,"Ergonomik, yuvarlak kenarlı",,
Q2M-BPYA1000M,ph_level,6-7 (Nötr),,
Q2M-BPYA1000M,features,"Yıka ve Koru (Wash & Coat), anında su iticilik",,
Q2M-BPYA1000M,consumption_ml_per_car,,20,
Q2M-PPFW500M,ph_level,7 (Nötr),,
Q2M-PPFW500M,features,"Demir tozu sökücü etkili, folyo gözeneklerini temizler",,
Q2M-PPFW500M,dilution_ratio,1:500,,
Q2M-PPFW500M,consumption_ml_per_car,,25,
Q2M-RWYA1000M,ph_level,6 (Hafif Asidik),,
Q2M-RWYA1000M,features,"Kireç ve demir tozu çözer, kaplamayı canlandırır",,
Q2M-RWYA1000M,dilution_ratio,1:500,,
Q2M-RWYA1000M,safe_on_ceramic_coatings,,,true
Q2M-RWYA1000M,consumption_ml_per_car,,25,
Q2M-EW1000M,ph_level,Nötr,,
Q2M-EW1000M,dilution_ratio,1:10 (Susuz) - 1:256 (Durulamasız),,
Q2M-EW1000M,features,Susuz yıkama ve parlaklık,,
Q2M-EW1000M,safe_on_ceramic_coatings,,,true
700507,ph_level,6.0,,
700507,features,Görsel takip sağlayan renkli köpük,,
700507,safe_on_ceramic_coatings,,,true
700507,consumption_ml_per_car,,20,
79286,ph_level,6.50,,
79286,features,"Yıkama, mühürleme ve su iticilik (3in1)",,
79286,durability_months,,4,
79286,consumption_ml_per_car,,17,
79290,ph_level,3 (Asidik),,
79290,features,"Kireç ve mineral sökücü, kaplama yenileyici",,
79290,dilution_ratio,1:50 (Bakım) - 1:5 (Dekontaminasyon),,
79290,safe_on_ceramic_coatings,,,true
79290,consumption_ml_per_car,,20,
71490,ph_level,10.35 (Alkali),,
71490,features,"Kar efekti (Snow Foam), yol filmini söker",,
71490,dilution_ratio,1:50,,
71490,safe_on_ceramic_coatings,,,true
71490,scent,Çiçek,,
701003,features,"Wash & Wax, hidrofobik etki",,
701003,dilution_ratio,1:50,,
71180,features,"Renkli köpük, antistatik etki",,
71180,dilution_ratio,1:80,,
73575,features,"Ağır kir ve gres sökücü, çift katmanlı etki",,
73575,dilution_ratio,1:80,,
Q2M-FYA4000M,ph_level,Nötr (~7),,
Q2M-FYA4000M,dilution_ratio,1:5 - 1:15,,
Q2M-FYA4000M,consumption_ml_per_car,,50,
Q2M-BYA4000M,ph_level,6 (Nötr),,
Q2M-BYA4000M,dilution_ratio,1:500,,
Q2M-BYA4000M,consumption_ml_per_car,,20,
Q2M-RW1000M,ph_level,6 (Hafif Asidik),,
Q2M-RW1000M,dilution_ratio,1:500,,
Q2M-RW1000M,consumption_ml_per_car,,25,
Q2M-TWYA500M,ph_level,7 (Nötr),,
70616,ph_level,Nötr,,
70616,dilution_ratio,1:120,,
701851,dilution_ratio,1:9 (Genel) - 1:5 (İnatçı Kir),,
701980,ph_level,10,,
700387,ph_level,13.9 (Yüksek Alkali),,
72042,ph_level,11.4 (Alkali),,
79284,ph_level,7.0 (Nötr),,
79284,consumption_ml_per_car,,20,
700508,ph_level,6.0,,
700508,consumption_ml_per_car,,20,
79281,ph_level,11.50 (Alkali),,
79281,consumption_ml_per_car,,50,
Q2-PLE50M,durability_months,,36,
Q2-PLE50M,hardness,9H,,
Q2-PLE50M,consumption_ml_per_car,,27,
Q2-SLE50M,durability_months,,50,
Q2-SLE50M,kit_contents,Mohs EVO Base Coat,,
Q2-SLE50M,kit_contents,Skin EVO Top Coat,,
Q2-SLE50M,features,En yüksek hidrofobi ve kayganlık,,
Q2-SLE50M,consumption_ml_per_car,,20,
Q2-MTEL50M,durability_months,,24,
Q2-MTEL50M,consumption_ml_per_car,,30,
Q2-CCE200M,durability_months,,12,
Q2-CCE200M,application_method,Sprey (Püskürt-Sil),,
Q2-CCE200M,consumption_ml_per_car,,13,
MXP-DPCN50KS,durability_months,,48,
MXP-DPCN50KS,hardness,9H,,
MXP-DPCN50KS,features,Tuzlu su ve reçine direnci,,
MXP-DPCN50KS,consumption_ml_per_car,,23,
MXP-CCN50KS,durability_months,,36,
MXP-CCN50KS,features,Yüksek parlaklık ve kontrast,,
700405,durability_months,,48,
700405,hardness,7H (Esnek),,
700405,features,"Self-healing, Tek kat uygulama",,
700405,consumption_ml_per_car,,30,
Q2-RE30M,durability_months,,18,
Q2-RE30M,features,Fren tozuna dayanıklı,,
Q2-TRE30M,durability_months,,36,
Q2-TRE30M,features,"Solmuş plastiği yeniler, renk canlandırır",,
Q2-TRE30M,consumption_ml_per_car,,10,
Q2-LSE50M,durability_months,,18,
Q2-LSE50M,features,Boya transferini (jean lekesi) önler,,
Q2-VE20M,durability_months,,24,
Q2-VE20M,kit_contents,Repel (Kaplama),,
Q2-VE20M,kit_contents,GlassPolish (Temizleyici),,
79296,durability_months,,6,
79296,features,Kireç ve kir önleyici,,
79296,consumption_ml_per_car,,30,
Q2-PPFE50M,durability_months,,24,
Q2-PPFE50M,features,"Esnek yapı, Self-healing uyumlu",,
Q2-PPFE50M,consumption_ml_per_car,,30,
Q2-FCNA400M,durability_months,,6,
Q2-FCNA400M,application_method,Sprey,,
Q2-FCNA400M,features,"SiO2 içerikli, su itici, nefes alabilir",,
79299,durability_months,,6,
79299,application_method,Sprey,,
79299,features,"Su ve yağ itici, alkol bazlı hızlı kuruma",,
Q2-TYA500M,features,"Kir tutmaz, sıçrama yapmaz",,
Q2-TYA500M,consumption_ml_per_car,,12,
Q2-AF120M,durability_months,,2,
Q2-AF120M,function,Buğu önleme (İç cam),,
Q2-AF120M,consumption_ml_per_car,,15,
Q2-BS30M,durability_months,,12,
Q2-BS30M,function,Mevcut seramiğin hidrofobisini yenileme,,
Q2-BS30M,consumption_ml_per_car,,30,
Q2-PC100M,durability_months,,12,
Q2-PC100M,function,Antibakteriyel bariyer,,
Q2-MLE100M,durability_months,,36,
Q2-MLE100M,hardness,9H,,
Q2-MLE100M,consumption_ml_per_car,,25,
Q2M-PYA4000M,consumption_ml_per_car,,100,
Q2-OLE100M,hardness,9H,,
Q2-OLE100M,consumption_ml_per_car,,25,
Q2-PR1000M,cut_level,,1,
Q2-PR1000M,silicone_free,,,true
Q2-PR1000M,filler_free,,,true
MGPS-6012K,size,150 mm,,
MGPS-6012K,material,Polimer kauçuk + PU köpük,,
MGPS-6016P,size,21x16 cm,,
MGPS-6016P,color,Kırmızı,,
MGPS-6016P,material,Mikrofiber + polimer kauçuk,,
MGPS-6009P,size,30x30 cm,,
MGPS-6009P,color,Kırmızı kenar / Siyah polimer yüzey,,
MGPS-6009P,material,Kauçuk-polimer kil kaplama + 320 gsm mikrofiber,,
MGPS-6045,size,10x6 cm,,
MGPS-6045,color,Siyah,,
MGPS-6045,material,İnce-grade polimer kil + EVA sünger,,
MGPS-6046R,size,12x8 cm,,
MGPS-6046R,color,Kırmızı,,
MGPS-6046R,material,Kauçuk-polimer kil + EVA sünger,,
MGPS-6046F2R,size,12x8 cm,,
MGPS-6046F2R,quantity,2 adet,,
MGPS-6046F2R,color,Kırmızı,,
MGPS-6046F2R,material,Kauçuk-polimer kil,,
Q2M-CME,size,100 gr,,
Q2M-CME,color,Açık (kirlilik takibi için),,
MGPS-6031B-P,material,İnce-grade kauçuk-polimer kil + 320 GSM mikrofiber,,
EF0101,scent,Vanilya,,
EF0101,durability_label,45 Gün,,
EF0101,design,3D Karakter,,
EF0101,durability_days,,45,
EF0101,dimensions_mm,85x45x26,,
EF0101,weight_g,,12,
EF0101,alcohol_free,,,true
EF0101,toxic_free,,,true
EF0101,made_in,İtalya,,
EF0202,scent,New Car,,
EF0202,durability_label,45 Gün,,
EF0202,durability_days,,45,
EF0202,design,3D Karakter,,
EF0202,dimensions_mm,85x45x26,,
EF0202,weight_g,,12,
EF0202,alcohol_free,,,true
EF0202,toxic_free,,,true
EF0202,made_in,İtalya,,
EF0303,scent,Passion/Meyve,,
EF0303,durability_label,45 Gün,,
EF0303,durability_days,,45,
EF0303,design,3D Karakter,,
EF0303,dimensions_mm,85x45x26,,
EF0303,weight_g,,12,
EF0303,alcohol_free,,,true
EF0303,toxic_free,,,true
EF0303,made_in,İtalya,,
IF0404,scent,Kiraz,,
IF0404,durability_label,45 Gün,,
IF0404,durability_days,,45,
IF0404,design,3D Karakter,,
IF0404,dimensions_mm,85x45x26,,
IF0404,weight_g,,12,
IF0404,alcohol_free,,,true
IF0404,toxic_free,,,true
IF0404,made_in,İtalya,,
EF0606,scent,Black Velvet,,
EF0606,durability_label,45 Gün,,
EF0606,durability_days,,45,
EF0606,design,3D Karakter,,
EF0606,dimensions_mm,85x45x26,,
EF0606,weight_g,,12,
EF0606,alcohol_free,,,true
EF0606,toxic_free,,,true
EF0606,made_in,İtalya,,
EF0808,scent,Nane,,
EF0808,durability_label,45 Gün,,
EF0808,durability_days,,45,
EF0808,design,3D Karakter,,
EF0808,dimensions_mm,85x45x26,,
EF0808,weight_g,,12,
EF0808,alcohol_free,,,true
EF0808,toxic_free,,,true
EF0808,made_in,İtalya,,
IF0909,scent,Meyve Karışımı,,
IF0909,durability_label,45 Gün,,
IF0909,durability_days,,45,
IF0909,design,3D Karakter,,
IF0909,dimensions_mm,85x45x26,,
IF0909,weight_g,,12,
IF0909,alcohol_free,,,true
IF0909,toxic_free,,,true
IF0909,made_in,İtalya,,
IF1111,scent,Çilek,,
IF1111,durability_label,45 Gün,,
IF1111,durability_days,,45,
IF1111,design,3D Karakter,,
IF1111,dimensions_mm,85x45x26,,
IF1111,weight_g,,12,
IF1111,alcohol_free,,,true
IF1111,toxic_free,,,true
IF1111,made_in,İtalya,,
EF1212,scent,Amber,,
EF1212,durability_label,45 Gün,,
EF1212,durability_days,,45,
EF1212,design,3D Karakter,,
EF1212,dimensions_mm,85x45x26,,
EF1212,weight_g,,12,
EF1212,alcohol_free,,,true
EF1212,toxic_free,,,true
EF1212,made_in,İtalya,,
EF1313,scent,Çiçek,,
EF1313,durability_label,45 Gün,,
EF1313,durability_days,,45,
EF1313,design,3D Karakter,,
EF1313,dimensions_mm,85x45x26,,
EF1313,weight_g,,12,
EF1313,alcohol_free,,,true
EF1313,toxic_free,,,true
EF1313,made_in,İtalya,,
IF1414,scent,Pina Colada,,
IF1414,durability_label,45 Gün,,
IF1414,durability_days,,45,
IF1414,dimensions_mm,85x45x26,,
IF1414,weight_g,,12,
IF1414,alcohol_free,,,true
IF1414,toxic_free,,,true
IF1414,made_in,İtalya,,
EF1616,scent,Kaşmir,,
EF1616,durability_label,45 Gün,,
EF1616,durability_days,,45,
EF1616,dimensions_mm,85x45x26,,
EF1616,weight_g,,12,
EF1616,alcohol_free,,,true
EF1616,toxic_free,,,true
EF1616,made_in,İtalya,,
EF1717,scent,Zencefil Limon,,
EF1717,durability_label,45 Gün,,
EF1717,durability_days,,45,
EF1717,dimensions_mm,85x45x26,,
EF1717,weight_g,,12,
EF1717,alcohol_free,,,true
EF1717,toxic_free,,,true
EF1717,made_in,İtalya,,
EF1818,scent,Misk,,
EF1818,durability_label,45 Gün,,
EF1818,durability_days,,45,
EF1818,dimensions_mm,85x45x26,,
EF1818,weight_g,,12,
EF1818,alcohol_free,,,true
EF1818,toxic_free,,,true
EF1818,made_in,İtalya,,
EF1919,scent,Sedir Ağacı,,
EF1919,durability_label,45 Gün,,
EF1919,durability_days,,45,
EF1919,dimensions_mm,85x45x26,,
EF1919,weight_g,,12,
EF1919,alcohol_free,,,true
EF1919,toxic_free,,,true
EF1919,made_in,İtalya,,
EF0220,scent,Şeker,,
EF0220,durability_label,45 Gün,,
EF0220,durability_days,,45,
EF0220,dimensions_mm,85x45x26,,
EF0220,weight_g,,12,
EF0220,alcohol_free,,,true
EF0220,toxic_free,,,true
EF0220,made_in,İtalya,,
IF2939,scent,Sakız,,
IF2939,durability_label,45 Gün,,
IF2939,durability_days,,45,
IF2939,dimensions_mm,85x45x26,,
IF2939,weight_g,,12,
IF2939,alcohol_free,,,true
IF2939,toxic_free,,,true
IF2939,made_in,İtalya,,
IF3243,scent,Elma,,
IF3243,durability_label,45 Gün,,
IF3243,durability_days,,45,
IF3243,dimensions_mm,85x45x26,,
IF3243,weight_g,,12,
IF3243,alcohol_free,,,true
IF3243,toxic_free,,,true
IF3243,made_in,İtalya,,
EF3963,scent,Kahve,,
EF3963,durability_label,45 Gün,,
EF3963,durability_days,,45,
EF3963,dimensions_mm,85x45x26,,
EF3963,weight_g,,12,
EF3963,alcohol_free,,,true
EF3963,toxic_free,,,true
EF3963,made_in,İtalya,,
EF4064,scent,Deri,,
EF4064,durability_label,45 Gün,,
EF4064,durability_days,,45,
EF4064,dimensions_mm,85x45x26,,
EF4064,weight_g,,12,
EF4064,alcohol_free,,,true
EF4064,toxic_free,,,true
EF4064,made_in,İtalya,,
EF1754,scent,Nane Mentol,,
EF1754,durability_label,45 Gün,,
EF1754,durability_days,,45,
EF1754,dimensions_mm,85x145x26,,
EF1754,weight_g,,12,
EF1754,alcohol_free,,,true
EF1754,toxic_free,,,true
EF1754,made_in,İtalya,,
EF1754,collection,Winter Edition,,
EF1655,scent,Meyve Çiçek,,
EF1655,durability_label,45 Gün,,
EF1655,durability_days,,45,
EF1655,dimensions_mm,85x145x26,,
EF1655,weight_g,,12,
EF1655,alcohol_free,,,true
EF1655,toxic_free,,,true
EF1655,made_in,İtalya,,
EF1655,design,Altın tonları,,
IF0453,scent,Elma Tarçın,,
IF0453,durability_label,45 Gün,,
IF0453,durability_days,,45,
IF0453,dimensions_mm,85x145x26,,
IF0453,weight_g,,12,
IF0453,alcohol_free,,,true
IF0453,toxic_free,,,true
IF0453,made_in,İtalya,,
IF0453,collection,Winter Edition,,
SJ0402,scent,New Car,,
SJ0402,design,Futbolcu Karakter,,
SJ0402,durability_days,,45,
SJ0402,dimensions_mm,85x145x26,,
SJ0402,weight_g,,12,
SJ0402,alcohol_free,,,true
SJ0402,toxic_free,,,true
SJ0402,made_in,İtalya,,
SJ0402,collection,Soccer Edition,,
LO2602,scent,New Car,,
LO2602,design,Türkiye Temalı,,
LO2602,durability_days,,45,
LO2602,alcohol_free,,,true
LO2602,toxic_free,,,true
LO2602,made_in,İtalya,,
LO2601,scent,Vanilya,,
LO2601,design,Kalp Temalı,,
LO2601,durability_days,,45,
LO2601,dimensions_mm,85x145x26,,
LO2601,weight_g,,12,
LO2601,alcohol_free,,,true
LO2601,toxic_free,,,true
LO2601,made_in,İtalya,,
LE3739,scent,Ahududu,,
LE3739,quantity,,2,
LE3739,durability_days,,45,
LE3739,dimensions_mm,165x94x25,,
LE3739,weight_g,,39,
LE3739,alcohol_free,,,true
LE3739,toxic_free,,,true
LE3739,made_in,İtalya,,
LE3739,collection,Love Edition,,
LE3801,scent,Vanilya,,
LE3801,quantity,,2,
LE3801,durability_days,,45,
LE3801,dimensions_mm,165x94x25,,
LE3801,weight_g,,39,
LE3801,alcohol_free,,,true
LE3801,toxic_free,,,true
LE3801,made_in,İtalya,,
LE3801,collection,Love Edition,,
LE3620,scent,Şekerli Meyve,,
LE3620,quantity,,2,
LE3620,durability_days,,45,
LE3620,alcohol_free,,,true
LE3620,toxic_free,,,true
LE3620,made_in,İtalya,,
LE3620,collection,Love Edition,,
ED0101,scent,Vanilya,,
ED0101,design,3D Köpek,,
ED0101,durability_days,,45,
ED0101,dimensions_mm,85x45x26,,
ED0101,weight_g,,13,
ED0101,alcohol_free,,,true
ED0101,toxic_free,,,true
ED0101,made_in,İtalya,,
ED0101,collection,Little Dog,,
ED0202,scent,New Car,,
ED0202,design,3D Köpek,,
ED0202,durability_days,,45,
ED0202,dimensions_mm,85x45x26,,
ED0202,weight_g,,13,
ED0202,alcohol_free,,,true
ED0202,toxic_free,,,true
ED0202,made_in,İtalya,,
ED0202,collection,Little Dog,,
ED0303,scent,Passion,,
ED0303,design,3D Köpek,,
ED0303,durability_days,,45,
ED0303,dimensions_mm,85x45x26,,
ED0303,weight_g,,13,
ED0303,alcohol_free,,,true
ED0303,toxic_free,,,true
ED0303,made_in,İtalya,,
ED0303,collection,Little Dog,,
ID0404,scent,Kiraz,,
ID0404,design,3D Köpek,,
ID0404,durability_days,,45,
ID0404,dimensions_mm,85x45x26,,
ID0404,weight_g,,13,
ID0404,alcohol_free,,,true
ID0404,toxic_free,,,true
ID0404,made_in,İtalya,,
ID0404,collection,Little Dog,,
ED0606,scent,Black Velvet,,
ED0606,design,3D Köpek,,
ED0606,durability_days,,45,
ED0606,dimensions_mm,85x45x26,,
ED0606,weight_g,,13,
ED0606,alcohol_free,,,true
ED0606,toxic_free,,,true
ED0606,made_in,İtalya,,
ED0606,collection,Little Dog,,
ID0909,scent,Meyve,,
ID0909,design,3D Köpek,,
ID0909,durability_days,,45,
ID0909,dimensions_mm,85x45x26,,
ID0909,weight_g,,13,
ID0909,alcohol_free,,,true
ID0909,toxic_free,,,true
ID0909,made_in,İtalya,,
ID0909,collection,Little Dog,,
IY1401,scent,Vanilya,,
IY1401,design,3D Joya,,
IY1401,durability_days,,45,
IY1401,dimensions_mm,85x45x26,,
IY1401,weight_g,,9.7,
IY1401,alcohol_free,,,true
IY1401,toxic_free,,,true
IY1401,made_in,İtalya,,
IY1401,collection,Little Joya,,
EY0202,scent,New Car,,
EY0202,design,3D Joya,,
EY0202,durability_days,,45,
EY0202,dimensions_mm,85x45x26,,
EY0202,weight_g,,9.7,
EY0202,alcohol_free,,,true
EY0202,toxic_free,,,true
EY0202,made_in,İtalya,,
EY0202,collection,Little Joya,,
EY1213,scent,Bahar Çiçekleri,,
EY1213,design,3D Joya,,
EY1213,durability_days,,45,
EY1213,dimensions_mm,85x45x26,,
EY1213,weight_g,,9.7,
EY1213,alcohol_free,,,true
EY1213,toxic_free,,,true
EY1213,made_in,İtalya,,
EY1213,collection,Little Joya,,
EY3311,scent,Pamuk Şeker,,
EY3311,design,3D Joya,,
EY3311,durability_days,,45,
EY3311,dimensions_mm,85x45x26,,
EY3311,weight_g,,9.7,
EY3311,alcohol_free,,,true
EY3311,toxic_free,,,true
EY3311,made_in,İtalya,,
EY3311,collection,Little Joya,,
IY2939,scent,Yaban Mersini,,
IY2939,design,3D Joya,,
IY2939,durability_days,,45,
IY2939,dimensions_mm,85x45x26,,
IY2939,weight_g,,9.7,
IY2939,alcohol_free,,,true
IY2939,toxic_free,,,true
IY2939,made_in,İtalya,,
IY2939,collection,Little Joya,,
EY2409,scent,Lavanta,,
EY2409,design,3D Joya,,
EY2409,durability_days,,45,
EY2409,dimensions_mm,85x45x26,,
EY2409,weight_g,,9.7,
EY2409,alcohol_free,,,true
EY2409,toxic_free,,,true
EY2409,made_in,İtalya,,
EY2409,collection,Little Joya,,
EP0101,scent,Vanilya,,
EP0101,design,3D Yavru Köpek,,
EP0101,durability_days,,45,
EP0101,dimensions_mm,85x45x26,,
EP0101,weight_g,,13,
EP0101,alcohol_free,,,true
EP0101,toxic_free,,,true
EP0101,made_in,İtalya,,
EP0101,collection,Little Pup,,
EP0309,scent,Tatlı,,
EP0309,design,3D Yavru Köpek,,
EP0309,durability_days,,45,
EP0309,dimensions_mm,85x45x26,,
EP0309,weight_g,,13,
EP0309,alcohol_free,,,true
EP0309,toxic_free,,,true
EP0309,made_in,İtalya,,
EP0309,collection,Little Pup,,
EP2754,scent,Nane,,
EP2754,design,3D Yavru Köpek,,
EP2754,durability_days,,45,
EP2754,dimensions_mm,85x45x26,,
EP2754,weight_g,,13,
EP2754,alcohol_free,,,true
EP2754,toxic_free,,,true
EP2754,made_in,İtalya,,
EP2754,collection,Little Pup,,
EP2455,scent,İncir Ağacı,,
EP2455,design,3D Yavru Köpek,,
EP2455,durability_days,,45,
EP2455,dimensions_mm,85x45x26,,
EP2455,weight_g,,13,
EP2455,alcohol_free,,,true
EP2455,toxic_free,,,true
EP2455,made_in,İtalya,,
EP2455,collection,Little Pup,,
EP3539,scent,Yaban Mersini,,
EP3539,design,3D Yavru Köpek,,
EP3539,durability_days,,45,
EP3539,dimensions_mm,85x45x26,,
EP3539,weight_g,,13,
EP3539,alcohol_free,,,true
EP3539,toxic_free,,,true
EP3539,made_in,İtalya,,
EP3539,collection,Little Pup,,
78156,design,Bean (Fasulye),,
78156,scent,British,,
78156,made_in,İtalya,,
78156,collection,Bean,,
76385,design,Bean,,
76385,scent,Casual,,
76385,made_in,İtalya,,
76385,collection,Bean,,
76386,design,Bean,,
76386,scent,Glamour,,
76386,made_in,İtalya,,
76386,collection,Bean,,
78157,design,Bean,,
78157,scent,Rockabilly,,
78157,made_in,İtalya,,
78157,collection,Bean,,
76384,design,Bean,,
76384,scent,Sporty,,
76384,color,Açık Mavi,,
76384,made_in,İtalya,,
76384,collection,Bean,,
78158,design,Bean,,
78158,scent,Summerlover,,
78158,made_in,İtalya,,
78158,collection,Bean,,
75229,design,Kelebek,,
75229,scent,Blue Ice,,
75229,made_in,İtalya,,
75229,collection,Marta La Farfalla,,
78761,design,Kelebek,,
78761,scent,Tarçın,,
78761,made_in,İtalya,,
78761,collection,Marta La Farfalla,,
75228,design,Kelebek,,
75228,scent,Silver Water,,
75228,made_in,İtalya,,
75228,collection,Marta La Farfalla,,
PS0101,scent,Vanilya,,
PS0101,durability_label,30 Gün,,
PS0101,material,Kağıt/Selüloz,,
PS0101,durability_days,,30,
PS0101,dimensions_mm,80x187x3,,
PS0101,weight_g,,11,
PS0101,alcohol_free,,,true
PS0101,toxic_free,,,true
PS0101,made_in,İtalya,,
PS0101,collection,Paper (Asma Kart),,
PS2002,scent,New Car,,
PS2002,durability_label,30 Gün,,
PS2002,durability_days,,30,
PS2002,dimensions_mm,80x187x3,,
PS2002,weight_g,,11,
PS2002,material,Kağıt/Selüloz,,
PS2002,alcohol_free,,,true
PS2002,toxic_free,,,true
PS2002,made_in,İtalya,,
PS2002,collection,Paper (Asma Kart),,
PS0313,scent,Çiçek,,
PS0313,durability_label,30 Gün,,
PS0313,durability_days,,30,
PS0313,dimensions_mm,80x187x3,,
PS0313,weight_g,,11,
PS0313,material,Kağıt/Selüloz,,
PS0313,alcohol_free,,,true
PS0313,toxic_free,,,true
PS0313,made_in,İtalya,,
PS0313,collection,Paper (Asma Kart),,
PS0404,scent,Kiraz,,
PS0404,durability_label,30 Gün,,
PS0404,durability_days,,30,
PS0404,dimensions_mm,80x187x3,,
PS0404,weight_g,,11,
PS0404,material,Kağıt/Selüloz,,
PS0404,alcohol_free,,,true
PS0404,toxic_free,,,true
PS0404,made_in,İtalya,,
PS0404,collection,Paper (Asma Kart),,
PS0606,scent,Black Velvet,,
PS0606,durability_label,30 Gün,,
PS0606,durability_days,,30,
PS0606,dimensions_mm,80x187x3,,
PS0606,weight_g,,11,
PS0606,material,Kağıt/Selüloz,,
PS0606,alcohol_free,,,true
PS0606,toxic_free,,,true
PS0606,made_in,İtalya,,
PS0606,collection,Paper (Asma Kart),,
PS0707,scent,Okyanus,,
PS0707,durability_label,30 Gün,,
PS0707,durability_days,,30,
PS0707,dimensions_mm,80x187x3,,
PS0707,weight_g,,11,
PS0707,material,Kağıt/Selüloz,,
PS0707,alcohol_free,,,true
PS0707,toxic_free,,,true
PS0707,made_in,İtalya,,
PS0707,collection,Paper (Asma Kart),,
PS0821,scent,Yeşil Çay,,
PS0821,durability_label,30 Gün,,
PS0821,durability_days,,30,
PS0821,dimensions_mm,80x187x3,,
PS0821,weight_g,,11,
PS0821,material,Kağıt/Selüloz,,
PS0821,alcohol_free,,,true
PS0821,toxic_free,,,true
PS0821,made_in,İtalya,,
PS0821,collection,Paper (Asma Kart),,
PS0931,scent,Narenciye,,
PS0931,durability_label,30 Gün,,
PS0931,durability_days,,30,
PS0931,dimensions_mm,80x187x3,,
PS0931,weight_g,,11,
PS0931,material,Kağıt/Selüloz,,
PS0931,alcohol_free,,,true
PS0931,toxic_free,,,true
PS0931,made_in,İtalya,,
PS0931,collection,Paper (Asma Kart),,
76762,scent,Vanilya & Zencefil,,
76762,design,Marta Card,,
76762,material,Yumuşak Kauçuk,,
76762,alcohol_free,,,true
76762,toxic_free,,,true
76762,made_in,İtalya,,
76762,collection,Marta Card,,
SC2201,scent,Vanilya,,
SC2201,durability_days,,45,
SC2201,dimensions_mm,80x178x10,,
SC2201,weight_g,,20,
SC2201,material,EVA Termo-Plastik,,
SC2201,alcohol_free,,,true
SC2201,toxic_free,,,true
SC2201,made_in,İtalya,,
SC2201,collection,Scented Card,,
SC0223,scent,New Car,,
SC0223,durability_days,,45,
SC0223,dimensions_mm,80x178x10,,
SC0223,weight_g,,20,
SC0223,material,EVA Termo-Plastik,,
SC0223,alcohol_free,,,true
SC0223,toxic_free,,,true
SC0223,made_in,İtalya,,
SC0223,collection,Scented Card,,
SC2304,scent,Kiraz,,
SC2304,durability_days,,45,
SC2304,dimensions_mm,80x178x10,,
SC2304,weight_g,,20,
SC2304,material,EVA Termo-Plastik,,
SC2304,alcohol_free,,,true
SC2304,toxic_free,,,true
SC2304,made_in,İtalya,,
SC2304,collection,Scented Card,,
SC0922,scent,Meyve,,
SC0922,durability_days,,45,
SC0922,dimensions_mm,80x178x10,,
SC0922,weight_g,,20,
SC0922,material,EVA Termo-Plastik,,
SC0922,alcohol_free,,,true
SC0922,toxic_free,,,true
SC0922,made_in,İtalya,,
SC0922,collection,Scented Card,,
SC2424,scent,Lavanta,,
SC2424,durability_days,,45,
SC2424,dimensions_mm,80x178x10,,
SC2424,weight_g,,20,
SC2424,material,EVA Termo-Plastik,,
SC2424,alcohol_free,,,true
SC2424,toxic_free,,,true
SC2424,made_in,İtalya,,
SC2424,collection,Scented Card,,
SC2508,scent,Nane,,
SC2508,durability_days,,45,
SC2508,dimensions_mm,80x178x10,,
SC2508,weight_g,,20,
SC2508,material,EVA Termo-Plastik,,
SC2508,alcohol_free,,,true
SC2508,toxic_free,,,true
SC2508,made_in,İtalya,,
SC2508,collection,Scented Card,,
SC1515,function,Koku Nötralize Edici,,
SC1515,durability_days,,45,
SC1515,dimensions_mm,80x178x10,,
SC1515,weight_g,,20,
SC1515,material,EVA Termo-Plastik,,
SC1515,alcohol_free,,,true
SC1515,toxic_free,,,true
SC1515,made_in,İtalya,,
SC1515,collection,Scented Card,,
JS1057,scent,Nane,,
JS1057,volume,60 ml,,
JS1057,volume_ml,,60,
JS1057,dimensions_mm,185x82x38,,
JS1057,alcohol_free,,,true
JS1057,made_in,İtalya,,
JS1057,collection,Pump Spray,,
JS0458,scent,Baharatlı,,
JS0458,volume,60 ml,,
JS0458,volume_ml,,60,
JS0458,dimensions_mm,185x82x38,,
JS0458,alcohol_free,,,true
JS0458,made_in,İtalya,,
JS0458,collection,Pump Spray,,
JS0859,scent,Ferah,,
JS0859,volume,60 ml,,
JS0859,volume_ml,,60,
JS0859,dimensions_mm,185x82x38,,
JS0859,alcohol_free,,,true
JS0859,made_in,İtalya,,
JS0859,collection,Pump Spray,,
JS1360,scent,Çiçek,,
JS1360,volume,60 ml,,
JS1360,volume_ml,,60,
JS1360,dimensions_mm,185x82x38,,
JS1360,alcohol_free,,,true
JS1360,made_in,İtalya,,
JS1360,collection,Pump Spray,,
JS0161,scent,Vanilya,,
JS0161,volume,60 ml,,
JS0161,volume_ml,,60,
JS0161,dimensions_mm,185x82x38,,
JS0161,alcohol_free,,,true
JS0161,made_in,İtalya,,
JS0161,collection,Pump Spray,,
JS0962,scent,Tropikal Meyve,,
JS0962,volume,60 ml,,
JS0962,volume_ml,,60,
JS0962,dimensions_mm,185x82x38,,
JS0962,alcohol_free,,,true
JS0962,made_in,İtalya,,
JS0962,collection,Pump Spray,,
76389,scent,Classic Man,,
76389,volume,150 ml,,
76389,volume_ml,,150,
76389,made_in,İtalya,,
76389,collection,Bean Spray,,
78608,scent,Arab Opulence,,
78608,volume,250 ml,,
78608,volume_ml,,250,
78608,made_in,İtalya,,
78608,collection,Marta La Farfalla Spray,,
78610,scent,Golden Arabia,,
78610,volume,250 ml,,
78610,volume_ml,,250,
78610,made_in,İtalya,,
78610,collection,Marta La Farfalla Spray,,
78615,scent,Laurel Bay,,
78615,volume,250 ml,,
78615,volume_ml,,250,
78615,made_in,İtalya,,
78615,collection,Marta La Farfalla Spray,,
EF1515,function,Koku Nötralize Edici (Petek),,
EF1515,durability_days,,45,
EF1515,dimensions_mm,85x45x26,,
EF1515,weight_g,,12,
EF1515,alcohol_free,,,true
EF1515,toxic_free,,,true
EF1515,made_in,İtalya,,
EF1515,collection,Standard (Vent Clip),,
ED1515,function,Koku Nötralize Edici (Köpek),,
ED1515,durability_days,,45,
ED1515,dimensions_mm,85x45x26,,
ED1515,weight_g,,13,
ED1515,alcohol_free,,,true
ED1515,toxic_free,,,true
ED1515,made_in,İtalya,,
ED1515,collection,Little Dog (3D Köpek),,
Q2M-OR500M,function,Organik Koku Nötralize Edici,,
Q2M-OR500M,volume,500 ml,,
Q2M-OR500M,volume_ml,,500,
Q2M-OR500M,consumption_ml_per_car,,35,
Q2M-OR500M,ph_level,~7 (nötr),,
Q2M-OR500M,alcohol_free,,,true
Q2M-OR500M,made_in,Güney Kore,,
79415,function,Enzim Bazlı Koku Giderme,,
79415,volume,500 ml,,
79415,volume_ml,,500,
79415,consumption_ml_per_car,,40,
79415,ph_level,9.50,,
79415,made_in,İtalya,,
74436,function,Dezenfeksiyon + Koku Giderme,,
74436,volume,250 ml,,
74436,volume_ml,,250,
74436,made_in,İtalya,,
701610,function,Koku Giderme,,
701610,volume,750 ml,,
701610,volume_ml,,750,
701610,made_in,İtalya,,
TF1138,scent,Orkide,,
TF1138,quantity,2'li Paket,,
TF1138,alcohol_free,,,true
TF1138,toxic_free,,,true
TF1138,made_in,İtalya,,
TF1138,collection,Tumble Fresh,,
TF0137,scent,Vanilya,,
TF0137,quantity,2'li Paket,,
TF0137,alcohol_free,,,true
TF0137,toxic_free,,,true
TF0137,made_in,İtalya,,
TF0137,collection,Tumble Fresh,,
TF2136,scent,Lavanta,,
TF2136,quantity,2'li Paket,,
TF2136,alcohol_free,,,true
TF2136,toxic_free,,,true
TF2136,made_in,İtalya,,
TF2136,collection,Tumble Fresh,,
76283,scent,Classic,,
76283,made_in,İtalya,,
76283,collection,Bean Refill,,
76280,scent,Sporty,,
76280,made_in,İtalya,,
76280,collection,Bean Refill,,
Q2M-ORP4P,quantity,,4,
Q2M-ORP4P,features,"Kokuları maskelemez, kaynağında yok eder",,
Q2M-ORP4P,function,Aktif Partikül Koku Giderici Ped,,
Q2M-ORP4P,alcohol_free,,,true
Q2M-ORP4P,made_in,Güney Kore,,
Q2M-GPYA1000M,durability_label,4 Hafta,,
Q2M-GPYA1000M,application_method,Spray & Wipe,,
Q2M-GPYA1000M,features,"Mevcut kaplamaları besler, kayganlık verir",,
Q2M-GPYA1000M,function,Temizlik + Hidrofobik Koruma,,
Q2M-GPYA1000M,ph_level,Nötr (pH 7),,
Q2M-GPYA1000M,volume,1000 ml,,
700662,concentrate,,,true
700662,dilution_ratio,1:10 - 1:20,,
700662,function,Cam + Yüzey Temizleyici,,
700662,volume,"4,54 lt",,
700662,dilution,1:10 - 1:20,,
700466,concentrate,,,true
700466,dilution_ratio,1:10,,
700466,function,Cam + Lake + Parlak Yüzey Temizleyici,,
700466,volume,"4,54 L",,
700466,scent,Hoş koku,,
71176,concentrate,,,true
71176,dilution_ratio,1:10,,
71176,function,Cam + Lake + Laminant Temizleyici,,
71176,volume,25 kg,,
71176,scent,Ferah tazelik,,
JC0101,features,Entegre mikrofiber gövde,,
JC0101,function,Ekran Temizleyici,,
JC0101,volume,14 ml,,
74955,dilution_ratio,1:10 - 1:15,,
74955,volume_ml,,250,
701606,volume_ml,,1000,
06008.056.001,type,Kesici Katı Cila,,
06008.056.001,color,Kahverengi,,
12001.056.001,type,Kesici Katı Cila (Gloss Wax),,
12001.056.001,color,Bej,,
07001.056.001,type,Kesici Katı Cila,,
07001.056.001,color,Yeşil,,
07945.056.001,type,Orta Kesici Katı Cila,,
07945.056.001,color,Mavi,,
07945.056.001,finish,Yüksek parlaklık,,
07163.056.001,type,Orta Kesici Katı Cila (Tek Adım),,
07163.056.001,color,Beyaz,,
12002.056.001,type,Parlatıcı Katı Cila (Gloss Wax),,
12002.056.001,color,Bej,,
07008.056.001,type,Parlatıcı Katı Cila,,
07008.056.001,color,Bej,,
07006.056.001,type,Parlatıcı Katı Cila,,
07006.056.001,color,Beyaz,,
07201.056.001,type,Parlatıcı Katı Cila,,
07201.056.001,color,Pembe,,
07984.056.001,type,Süper Parlatıcı Katı Cila,,
07984.056.001,color,Sarı,,
07933.056.001,type,Süper Parlatıcı Katı Cila,,
07933.056.001,color,Beyaz,,
70933,dilution_ratio,1:5 - 1:10,,
70933,weight_kg,,25,
Q2M-FCNA1000M,target_surfaces,Kumaş Koltuk,,
Q2M-FCNA1000M,target_surfaces,Paspas,,
Q2M-FCNA1000M,target_surfaces,Tavan Döşemesi,,
Q2M-FCNA1000M,application_method,Sprey & Fırça,,
Q2M-FCNA1000M,features,"Koku giderir, leke çıkarır, koruma öncesi hazırlık",,
Q2M-FCNA1000M,ph_level,,10,
Q2M-PRYA250M,target_surfaces,İç Trim,,
Q2M-PRYA250M,target_surfaces,Torpido,,
Q2M-PRYA250M,target_surfaces,Kapı Panelleri,,
Q2M-PRYA250M,finish,Mat/Saten,,
Q2M-PRYA250M,uv_protection,,,true
Q2M-PRYA250M,durability_label,3 Ay,,
Q2M-PRYA250M,features,Solmuş plastikleri yeniler,,
Q2M-TRC500M,target_surfaces,Plastik,,
Q2M-TRC500M,target_surfaces,Vinil,,
Q2M-TRC500M,target_surfaces,Motor Kapakları,,
Q2M-TRC500M,finish,Mat (Kalıntısız),,
Q2M-TRC500M,features,"Eski parlatıcıları söker, antistatik temizlik",,
Q2M-TRC500M,ph_level,Nötr,,
73378,target_surfaces,Kumaş,,
73378,target_surfaces,Kadife,,
73378,target_surfaces,Halı,,
73378,concentrate,,,true
73378,dilution_ratio,1:50,,
73378,application_method,Vakum Makinesi veya Manuel,,
73378,features,"Kalıntısız kuruma, leke sökücü",,
77075,target_surfaces,Gıda Temas Yüzeyleri,,
77075,target_surfaces,Masalar,,
77075,target_surfaces,Sert Yüzeyler,,
77075,features,"Alkol bazlı, hızlı kuruma",,
77080,target_surfaces,Ofis,,
77080,target_surfaces,Araç İçi,,
77080,target_surfaces,Genel Alanlar,,
77080,dilution_ratio,1:20 (Zemin) - Saf (Yüzey),,
77080,features,"Durulama gerektirmez, hijyen sağlar",,
70901,target_surfaces,Kumaş,,
70901,target_surfaces,Halı,,
70901,target_surfaces,Tavan Döşemesi,,
70901,application_method,Sık-Sil (Susuz),,
70901,features,"Kuru köpük, tavan temizliği için ideal",,
70901,volume_ml,,600,
74598,target_surfaces,Torpido,,
74598,target_surfaces,Plastik,,
74598,target_surfaces,Ahşap Trim,,
74598,finish,Parlak/Canlı,,
74598,scent,Vanilya,,
74598,features,Tozlanmayı geciktirir,,
74598,volume_ml,,750,
Q2M-PM500M,target_surfaces,Tüm İç Yüzeyler,,
Q2M-PM500M,features,"PurifyCoat kaplamasını destekler, hijyen sağlar",,
Q2M-PM500M,ph_level,Nötr,,
Q2M-PM500M,alcohol_free,,,true
701285,target_surfaces,Deri,,
701285,target_surfaces,Kumaş,,
701285,target_surfaces,Plastik,,
701285,application_method,Sprey & Sil,,
701285,features,"Çok amaçlı süper temizleyici, nikotin ve yağ lekelerini çözer",,
701285,concentrate,,,true
701285,dilution_ratio,1:25 - 1:50,,
79771,target_surfaces,Motor,,
79771,target_surfaces,Plastik,,
79771,target_surfaces,Jant,,
79771,target_surfaces,Kumaş,,
79771,concentrate,,,true
79771,dilution_ratio,1:5 - 1:20,,
79771,ph_level,,10.5,
79818,target_surfaces,Deri,,
79818,target_surfaces,Kumaş,,
79818,target_surfaces,Alcantara,,
79818,concentrate,,,true
79818,dilution_ratio,1:5 - 1:20,,
79818,features,"Profesyonel boy, güvenli temizlik",,
79818,finish,Doğal/Mat,,
79818,ph_level,,9.5,
77019,target_surfaces,Zemin,,
77019,target_surfaces,Atölye,,
77019,target_surfaces,Ağır Kirli Yüzeyler,,
77019,concentrate,,,true
77019,dilution_ratio,1:50,,
77019,ph_level,Alkali,,
77019,features,Gözenekli yüzeylerden kiri söker,,
77019,weight_kg,,5,
Q2M-APYA4000M,dilution_ratio,1:15 - 1:1,,
Q2M-APYA4000M,ph_level,,12,
Q2M-APYA4000M,volume_ml,,4000,
Q2M-IDYA4000M,volume_ml,,4000,
Q2M-DT10P,ph_level,Nötr,,
70894,volume_ml,,600,
75132,dilution_ratio,Saf - 1:50,,
75277,volume_ml,,600,
71110,dilution_ratio,1:3 - 1:15,,
71110,weight_kg,,25,
70723,dilution_ratio,1:25 - 1:50,,
70723,weight_kg,,25,
75404,dilution_ratio,1:25 - 1:50,,
75404,weight_kg,,25,
71676,dilution_ratio,1:80 - 1:100,,
71676,weight_kg,,5,
701010,dilution_ratio,Saf - 1:10,,
79298,ph_level,,6.5,
79298,volume_ml,,500,
Q2-LCR500M,function,SiO2 Bazlı Koruma,,
Q2-LCR500M,finish,Mat / Görünmez,,
Q2-LCR500M,durability_label,3 Ay,,
Q2-LCR500M,features,Kot boyası transferini engeller,,
Q2-LCR500M,ph_level,Nötr (pH 7),,
Q2-LCR500M,volume,500 ml,,
Q2M-LCSYA1000M,ph_level,Alkali (pH 12),,
Q2M-LCSYA1000M,features,"Kalıntısız durulama, köpüren formül",,
Q2M-LCSYA1000M,volume,1000 ml,,
Q2M-LCSYA1000M,dilution,Saf veya 1:1-1:3 seyreltme,,
700468,function,Besleme ve Nemlendirme,,
700468,scent,Black Orchid (Siyah Orkide),,
700468,ph_level,Nötr (7.29),,
700468,features,"Çatlamayı önler, esneklik kazandırır",,
700468,volume,"4,54 lt",,
71132,function,Temizlik ve Bakım (2in1),,
71132,ph_level,Nötr (7.0),,
71132,features,"Kullanıma hazır, durulama gerektirmez",,
71132,scent,Doğal Deri Aroması,,
71132,volume,750 ml,,
71132,dilution,Kullanıma hazır,,
Q2M-LSSYA200M,kit_contents,200 ml Cleaner,,
Q2M-LSSYA200M,kit_contents,120 ml LeatherCoat,,
Q2M-LSSYA200M,kit_contents,ScrubPad EVO,,
Q2M-LSSYA200M,kit_contents,MF Aplikatör,,
Q2M-LSSYA200M,kit_contents,LeatherWipe,,
Q2M-LSSYA200M,ph_level,,10,
Q2M-LSSYA200M,dilution_ratio,1:5 - 1:10,,
Q2M-LCN1000M,ph_level,Nötr,,
Q2M-LCN1000M,silicone_free,,,true
Q2M-LCN1000M,dilution_ratio,Saf veya 1:1,,
Q2M-LCN1000M,volume_ml,,1000,
Q2M-LSN200M,kit_contents,200 ml Cleaner,,
Q2M-LSN200M,kit_contents,120 ml Coat,,
Q2M-LSN200M,kit_contents,ScrubPad EVO,,
Q2M-LSN200M,kit_contents,MF Aplikatör,,
Q2M-LSN200M,kit_contents,LeatherWipe,,
Q2M-LSN200M,ph_level,,7,
75130,function,Rust & Limescale Remover,,
75130,ph_level,Asidik (pH < 2),,
75130,volume,750 ml,,
75131,function,Degreaser & Stain Remover,,
75131,volume,750 ml,,
75131,scent,Ferah deniz esintisi,,
24011.261.080,volume,1 lt,,
24011.261.080,function,"3in1 - Düzeltme, Parlatma, Koruma Hazırlığı",,
24011.261.080,cut_level,,8,
24011.261.080,machine_compatibility,rotary,,
75112,function,All Purpose Cleaner,,
75112,volume,5 kg,,
701283,function,Toilet Cleaner & Digestant,,
701283,volume,1000 ml,,
MT14850M,color,Sarı,,
MT14850M,material,Birinci sınıf krepon kağıdı,,
HPG11850M,color,Yeşil,,
TT01T10M,material,Esnek polyester (190 mikron) + işlenmiş kağıt,,
Q2M-MT6X18M,quantity,20 rulo/paket,,
Q2M-MT6X18M,color,Lacivert (GYEON),,
Q2M-SDE7090C,size,70x90 cm,,
Q2M-SDE7090C,type,Twist Pile (Bükümlü Lif),,
Q2M-SDE7090C,features,Kendi ağırlığının 10 katı su emişi,,
3213EMR,size,75x43 cm,,
3213EMR,type,Twist Pile (Çift Taraflı),,
3213EMR,features,"Orta boy, yüksek emiş",,
Q2M-SODE6080C,size,60x80 cm,,
Q2M-SODE6080C,type,Plush (Peluş),,
Q2M-SODE6080C,features,"Ekstra yumuşak, hassas boyalar için",,
3215D,size,45x37 cm,,
3215D,type,Ultra Plush,,
3215D,features,Cila silme ve parlatma için kral,,
Q2M-SWE4040C,size,40x40 cm,,
Q2M-SWE4040C,type,Plush (Peluş),,
Q2M-SWE4040C,features,Quick Detailer ve Wax silimi için ideal,,
Q2M-PWE4040C,size,40x40 cm,,
Q2M-PWE4040C,type,Dual Pile (Kısa/Uzun Tüylü),,
Q2M-PWE4040C,features,Pasta kalıntılarını ve yağları silmek için,,
Q2M-BWE4040,size,40x40 cm,,
Q2M-BWE4040,type,Short Pile (Kısa Tüylü),,
Q2M-BWE4040,features,Seramik kaplama silimi için en iyisi,,
3217HS-5G,size,40x40 cm,,
3217HS-5G,quantity,,5,
3217HS-5G,features,Genel temizlik ve silme işlemleri,,
3217HS-5G,silicone_free,,,true
Q2M-STE,size,20x30 cm,,
Q2M-STE,type,3 Farklı Elyaf (Twist+Split+Chenille),,
Q2M-STE,features,Kaygan ve çiziksiz yıkama,,
3221A-RD,size,20x18 cm,,
3221A-RD,type,Duo (Eldiven ve Ped olarak kullanım),,
3221A-RD,features,"İç süngerli, yüksek köpük tutuşu",,
3227I-HD,size,23x16 cm,,
3227I-HD,type,Ultra Soft Long Pile,,
3227I-HD,features,Hassas boyalar için en yumuşak seçenek,,
3227I-HD,color,Açık Bej (Ivory),,
Q2M-WME,size,Ergonomik,,
Q2M-WME,features,Fren tozuna ve kire dayanıklı,,
Q2M-GWE4040,size,40x40 cm,,
Q2M-GWE4040,type,Waffle Weave (Petek Dokulu),,
Q2M-GWE4040,features,İz bırakmayan cam temizliği,,
3218,size,60x30 cm,,
3218,features,"Yüzeye yapışmaz, kaygan silim",,
3218,color,Sarı,,
Q2M-IWE40402P,size,40x40 cm,,
Q2M-IWE40402P,type,Plush & Double Sided,,
Q2M-IWE40402P,features,Toz alma ve ekran silme için güvenli,,
Q2M-IWE40402P,quantity,,2,
Q2M-LWE40402P,size,40x40 cm,,
Q2M-LWE40402P,features,Deri temizleyicilerle kullanım için özel doku,,
Q2M-LWE40402P,quantity,,2,
Q2M-SEP1010C,size,10x10 cm,,
Q2M-SEP1010C,quantity,,10,
Q2M-SEP1010C,features,Seramik kaplama aplikatörüne sarılarak kullanılır,,
KLIN-3113AG,size,40x40 cm,,
KLIN-3113AG,quantity,,10,
KLIN-3113AG,features,Genel temizlik için ekonomik paket,,
Q2M-IPE4P,kit_contents,InteriorWipe (2),,
Q2M-IPE4P,kit_contents,GlassWipe (1),,
Q2M-IPE4P,kit_contents,LeatherWipe (1),,
Q2M-IPE4P,features,Komple iç temizlik seti,,
Q2M-IPE4P,size,40x40 cm,,
Q2M-GPE2P,kit_contents,GlassWipe,,
Q2M-GPE2P,kit_contents,BaldWipe,,
Q2M-GPE2P,features,Waffle ve düz dokuma kombinasyonu,,
Q2M-GPE2P,size,40x40 cm,,
Q2M-WP,type,Çift Taraflı (Uzun/Kısa Lif),,
Q2M-WP,features,Q²M RestartWash ile uyumlu,,
3215ZB,size,40x40 cm,,
3215ZB,type,Dual Pile (Çift Taraflı),,
3215ZB,features,Cila silme ve parlatma,,
3215ZB,quantity,,2,
3215ZB,color,Gri,,
3217HS-5W,size,40x40 cm,,
3217HS-5W,quantity,,5,
3217HS-5W,color,Beyaz,,
3217HS-5W,features,Genel temizlik ve silme,,
3217HS-5W,silicone_free,,,true
3218-1,size,30x40 cm,,
3218-1,type,Dual Pile (Çift Taraflı),,
3218-1,features,İz bırakmayan cam temizliği,,
3218-1,color,Sarı,,
Q2M-WD4060C,size,40x60 cm,,
Q2M-WD4060C,type,Waffle Weave,,
Q2M-WD4060C,features,Cam ve yüzey kurulama için büyük boy,,
3225A-BL,size,25x15 cm,,
3225A-BL,type,Wash Pad,,
3225A-BL,color,Mavi,,
3225A-BL,features,Araç yıkama için düz pad,,
3227B,size,20x16 cm,,
3227B,type,Soft Long Pile,,
3227B,color,Siyah,,
3227B,features,Yumuşak tüylü yıkama eldiveni,,
3228R,size,22x14 cm,,
3228R,type,Soft Long Pile Pad,,
3228R,color,Kırmızı,,
3228R,features,Yumuşak tüylü yıkama padi,,
70919,function,Kurulama ve Temizlik Bezi,,
70919,material,Sentetik Güderi,,
70919,weight_g,,300,
70919,made_in,İtalya,,
3219,function,Zorlu Kir ve Yağ Temizliği,,
3219,material,Elastik Fiber + Polimer Kaplama,,
3219,color,Yeşil,,
3219,made_in,Güney Kore,,
3236NBR2,function,Araç İçi Deri ve Plastik Temizlik,,
3236NBR2,material,Sentetik fiber + Sünger,,
3236NBR2,quantity,,2,
3236NBR2,made_in,Güney Kore,,
26900.224.010,color,Kırmızı,,
26900.224.010,hardness,Hard,,
26900.224.010,cut_level,Heavy Cut,,
26900.224.010,diameter_mm,,150,
26900.224.010,base_diameter_mm,,130,
26900.224.010,machine_compatibility,Rotary,,
26900.224.010,machine_compatibility,Orbital,,
26900.224.011,color,Sarı,,
26900.224.011,hardness,Medium,,
26900.224.011,cut_level,Medium Cut,,
26900.224.011,diameter_mm,,150,
26900.224.011,base_diameter_mm,,130,
26900.224.011,machine_compatibility,Rotary,,
26900.224.011,machine_compatibility,Orbital,,
26900.224.012,color,Yeşil,,
26900.224.012,hardness,Soft,,
26900.224.012,cut_level,Finish,,
26900.224.012,diameter_mm,,150,
26900.224.012,base_diameter_mm,,130,
26900.224.012,machine_compatibility,Rotary,,
26900.224.012,machine_compatibility,Orbital,,
26907.099.001,color,Kırmızı,,
26907.099.001,hardness,Hard,,
26907.099.001,cut_level,Heavy Cut,,
26907.099.001,diameter_mm,,95,
26907.099.001,base_diameter_mm,,75,
26907.099.001,machine_compatibility,Rotary,,
26907.099.001,machine_compatibility,Orbital,,
26908.099.001,color,Sarı,,
26908.099.001,hardness,Medium,,
26908.099.001,cut_level,Medium Cut,,
26908.099.001,diameter_mm,,95,
26908.099.001,base_diameter_mm,,75,
26908.099.001,machine_compatibility,Rotary,,
26908.099.001,machine_compatibility,Orbital,,
26909.099.001,color,Yeşil,,
26909.099.001,hardness,Soft,,
26909.099.001,cut_level,Finish,,
26909.099.001,diameter_mm,,95,
26909.099.001,base_diameter_mm,,75,
26909.099.001,machine_compatibility,Rotary,,
26909.099.001,machine_compatibility,Orbital,,
26900.223.003,color,Sarı,,
26900.223.003,hardness,Medium-Soft,,
26900.223.003,cut_level,Finish,,
26900.223.003,diameter_mm,,150,
26900.223.003,cell_structure,Open Cell,,
26900.223.003,machine_compatibility,Rotary,,
26906.099.001,design,Krater/Petek,,
26906.099.001,material,Kuzu Yünü,,
26906.099.001,cut_level,Heavy Cut,,
26906.099.001,diameter_mm,,230,
26906.099.001,machine_compatibility,Rotary,,
26915.099.001,material,Kuzu Yünü,,
26915.099.001,cut_level,Heavy Cut,,
26915.099.001,diameter_mm,,165,
26915.099.001,machine_compatibility,Orbital,,
26913.099.001,material,Kuzu Yünü,,
26913.099.001,cut_level,Heavy Cut,,
26913.099.001,diameter_mm,,90,
26913.099.001,machine_compatibility,Rotary,,
26913.099.001,machine_compatibility,Orbital,,
PU150F-C,cut_level,Ultra Finish,,
PU150F-C,color,Mor,,
PU150F-C,diameter_mm,,150,
PU150F-C,machine_compatibility,Orbital,,
PU150F-C,base_diameter_mm,,130,
PU150F-C,cell_structure,Open Cell,,
PU150F-C,hardness,Medium-Hard,,
KP160-22L,cut_level,Heavy Cut,,
KP160-22L,material,Doğal Kuzu Postu,,
KP160-22L,diameter_mm,,160,
KP160-22L,machine_compatibility,Rotary,,
KP160-22L,color,Lila,,
NPMW6555,cut_level,Medium Cut,,
NPMW6555,material,Mikrofiber,,
NPMW6555,diameter_mm,,65,
NPMW6555,machine_compatibility,Nano/Mini,,
NPMW6555,base_diameter_mm,,55,
NPMW6555,color,Beyaz/Turuncu,,
GE180F-C,cut_level,Protection/Wax,,
GE180F-C,color,Yeşil,,
GE180F-C,diameter_mm,,175,
GE180F-C,machine_compatibility,Orbital,,
GE180F-C,base_diameter_mm,,150,
GE180F-C,cell_structure,Open Cell,,
GE180F-C,hardness,Soft,,
GRY180F-C,cut_level,Heavy Cut,,
GRY180F-C,color,Gri,,
GRY180F-C,diameter_mm,,175,
GRY180F-C,machine_compatibility,Orbital,,
GRY180F-C,base_diameter_mm,,155,
GRY180F-C,cell_structure,Open Cell,,
GRY180F-C,hardness,Medium-Hard,,
RE180F-C,cut_level,Medium Cut,,
RE180F-C,color,Kırmızı,,
RE180F-C,diameter_mm,,175,
RE180F-C,machine_compatibility,Orbital,,
RE180F-C,base_diameter_mm,,155,
RE180F-C,cell_structure,Open Cell,,
RE180F-C,hardness,Medium,,
PU140F-C,cut_level,Ultra Finish,,
PU140F-C,color,Mor,,
PU140F-C,diameter_mm,,140,
PU140F-C,features,İnce yapı (Thinline),,
PU140F-C,machine_compatibility,Orbital,,
PU140F-C,base_diameter_mm,,130,
PU140F-C,cell_structure,Open Cell,,
PU140F-C,hardness,Medium-Hard,,
GPRO180F-C,cut_level,Finish,,
GPRO180F-C,color,Sarı,,
GPRO180F-C,diameter_mm,,175,
GPRO180F-C,machine_compatibility,Orbital,,
GPRO180F-C,base_diameter_mm,,155,
GPRO180F-C,cell_structure,Open Cell,,
GPRO180F-C,hardness,Medium-Soft,,
DOR150F-C,cut_level,One Step,,
DOR150F-C,color,Turuncu,,
DOR150F-C,diameter_mm,,150,
DOR150F-C,machine_compatibility,Orbital,,
DOR150F-C,base_diameter_mm,,130,
DOR150F-C,cell_structure,Open Cell,,
DOR150F-C,hardness,Medium,,
DOR160F,cut_level,One Step,,
DOR160F,color,Turuncu,,
DOR160F,diameter_mm,,160,
DOR160F,machine_compatibility,Rotary,,
DOR160F,base_diameter_mm,,130,
DOR160F,cell_structure,Open Cell,,
DOR160F,hardness,Medium,,
VPRO160F,cut_level,Extra Heavy Cut,,
VPRO160F,color,Beyaz,,
VPRO160F,diameter_mm,,160,
VPRO160F,machine_compatibility,Rotary,,
VPRO160F,base_diameter_mm,,160,
VPRO160F,cell_structure,Open Cell,,
VPRO160F,hardness,Hard,,
GRY200F,cut_level,Heavy Cut,,
GRY200F,color,Gri,,
GRY200F,diameter_mm,,200,
GRY200F,machine_compatibility,Rotary,,
GRY200F,base_diameter_mm,,200,
GRY200F,cell_structure,Open Cell,,
GRY200F,hardness,Hard,,
RE200F,cut_level,Medium Cut,,
RE200F,color,Kırmızı,,
RE200F,diameter_mm,,200,
RE200F,machine_compatibility,Rotary,,
RE200F,base_diameter_mm,,200,
RE200F,cell_structure,Open Cell,,
RE200F,hardness,Medium-Hard,,
GPRO200F,cut_level,Finish,,
GPRO200F,color,Sarı,,
GPRO200F,diameter_mm,,200,
GPRO200F,machine_compatibility,Rotary,,
GPRO200F,base_diameter_mm,,200,
GPRO200F,cell_structure,Open Cell,,
GPRO200F,hardness,Medium-Soft,,
SVPRO160F,cut_level,Protection/Wax,,
SVPRO160F,color,Siyah,,
SVPRO160F,diameter_mm,,160,
SVPRO160F,machine_compatibility,Rotary,,
SVPRO160F,base_diameter_mm,,160,
SVPRO160F,cell_structure,Open Cell,,
SVPRO160F,hardness,Soft,,
GRY6555,cut_level,Heavy Cut,,
GRY6555,color,Gri,,
GRY6555,diameter_mm,,65,
GRY6555,machine_compatibility,Nano/Mini,,
GRY6555,base_diameter_mm,,55,
GRY6555,cell_structure,Open Cell,,
GRY6555,hardness,Hard,,
BUR060,cut_level,Heavy Cut,,
BUR060,color,Bordo,,
BUR060,diameter_mm,,60,
BUR060,machine_compatibility,Nano/Mini,,
BUR060,base_diameter_mm,,60,
BUR060,cell_structure,Open Cell,,
BUR060,hardness,Hard,,
GPRO060,cut_level,Finish,,
GPRO060,color,Sarı,,
GPRO060,diameter_mm,,60,
GPRO060,machine_compatibility,Nano/Mini,,
GPRO060,base_diameter_mm,,55,
GPRO060,cell_structure,Open Cell,,
GPRO060,hardness,Medium-Soft,,
SGGA081,cut_level,Glass Cut,,
SGGA081,material,Rayon/Keçe,,
SGGA081,diameter_mm,,150,
SGGA081,machine_compatibility,Rotary,,
SGGA081,machine_compatibility,Orbital,,
SGGA081,base_diameter_mm,,150,
KP160-22KL,cut_level,Heavy Cut,,
KP160-22KL,material,Doğal Kuzu Postu,,
KP160-22KL,diameter_mm,,160,
KP160-22KL,machine_compatibility,Rotary,,
KP160-22KL,color,Lila,,
Q2M-PPFSL4000M,function,Kayganlaştırıcı ve Yapıştırıcı,,
Q2M-PPFSL4000M,concentrate,,,true
Q2M-PPFSL4000M,dilution_ratio,1:100,,
Q2M-PPFSL4000M,volume_ml,,4000,
PPF-L500M,function,Kaldırma ve Pozisyonlama,,
PPF-L500M,concentrate,,,true
PPF-L500M,dilution_ratio,1:50,,
PPF-L500M,features,"Yapışkanı bozmadan filmi kaldırmayı sağlar, jelleşmez",,
SGPM006,material,TPU (Termoplastik Poliüretan),,
SGPM006,hardness,Orta,,
SGPM006,features,"Entegre mıknatıs, 85 derece eğimli ağız",,
SGPM001,material,TPU,,
SGPM001,features,"Çift taraflı kullanım, su tahliyesi için ideal",,
SGPM001,hardness,Orta,,
SGPM002,size,Mini (3 cm),,
SGPM002,features,Hassas detay çalışması,,
SGPM002,material,TPU,,
SGPM002,hardness,Orta,,
SGPM003,features,Köşe dönüşleri ve fitil kenarları için,,
SGPM003,material,TPU,,
SGPM003,hardness,Orta,,
SGPM004,material,TPU,,
SGPM004,hardness,Orta,,
SGPM005,material,TPU,,
SGPM005,hardness,Orta,,
SGPM007,material,PE + Keçe,,
SGPM007,features,"Çizilmeyi önleyen keçe uç, kuru uygulama uygunluğu",,
SGPM007,hardness,Orta,,
SGPM009,function,Folyoyu araç üzerinde sabitleme,,
SGPM009,material,Kauçuk kaplı Neodimyum,,
SGPM008,features,"3M yapışkanlı, aşınma dirençli",,
SGPM008,material,3M Yapışkanlı Keçe,,
SGPM008,quantity,,10,
Q2M-PPFIK,kit_contents,Ragle Seti,,
Q2M-PPFIK,kit_contents,Bıçak,,
Q2M-PPFIK,kit_contents,Cımbız,,
Q2M-PPFIK,kit_contents,Eldiven,,
Q2M-PPFIK,kit_contents,Atık Kutusu,,
Q2M-PPFIK,features,Profesyonel başlangıç seti,,
SGPM013,kit_contents,5 Farklı Boy/Şekil TPU Ragle,,
SGPM013,kit_contents,Saklama Kutusu,,
SGPM013,features,Tüm yüzey tipleri için komple çözüm,,
SGPM013,material,TPU,,
SGPM014,kit_contents,Sıkıştırma Raglesi,,
SGPM014,kit_contents,Kazıyıcı,,
SGPM014,kit_contents,Kenar Kapatıcı,,
SGPM014,material,TPU,,
79292,function,Boya hatalarını ortaya çıkarır (Inspection Spray),,
79292,features,"Yavaş buharlaşma, leke bırakmaz",,
79292,ph_level,,9,
79292,consumption_ml_per_car,,50,
79292,concentrate,,,true
79292,dilution_ratio,1:3 - 1:5,,
76008,ph_level,Alkali (10.5),,
76008,features,Protein bazlı kirleri çözer,,
76008,volume_ml,,750,
79291,ph_level,Nötr (pH 7),,
79291,consumption_ml_per_car,,150,
79291,concentrate,,,true
79291,dilution_ratio,Saf veya 1:1 - 1:2,,
Q2M-CLR500M,function,Kil Kaydırıcı,,
Q2M-CLR500M,ph_level,Nötr,,
Q2M-CLR500M,concentrate,,,true
Q2M-CLR500M,dilution_ratio,1:10 - 1:25,,
Q2M-CLR500M,volume_ml,,500,
Q2M-IR4000M,ph_level,Nötr (pH 7),,
Q2M-IR4000M,consumption_ml_per_car,,150,
Q2M-IR4000M,volume_ml,,4000,
Q2M-IWCR4000M,ph_level,Nötr (pH 7),,
Q2M-IWCR4000M,consumption_ml_per_car,,100,
Q2M-IWCR4000M,volume_ml,,4000,
Q2M-CCE,material,Polybutene reçine,,
Q2M-CCE,hardness,4/10,,
700210,ph_level,Hafif asidik,,
700210,concentrate,,,true
700210,dilution_ratio,Saf veya 1:1 - 1:2,,
70864,ph_level,Nötr (asidik olmayan),,
70864,volume_ml,,750,
76006,volume_ml,,750,
MGPS-2019KM,material,Polibütilen reçine + elastomer,,
MGPS-2019KM,color,Mavi,,
MGPS-2019KM,hardness,Orta (Medium Duty),,
MGPS-2019KH,material,Polibütilen reçine + elastomer,,
MGPS-2019KH,color,Mor,,
MGPS-2019KH,hardness,Yüksek (Heavy Duty),,
Q2M-TR4000M,ph_level,Nötr,,
Q2M-TR4000M,consumption_ml_per_car,,100,
Q2M-TR4000M,volume_ml,,4000,
Q2M-BGYA1000M,ph_level,Alkali (pH 11),,
Q2M-BGYA1000M,consumption_ml_per_car,80-150,,
Q2M-BGYA1000M,volume_ml,,1000,
79293,ph_level,Nötr,,
79293,consumption_ml_per_car,,100,
79293,volume_ml,,500,
Q2M-WSYA1000M,ph_level,Asidik (pH 2),,
Q2M-WSYA1000M,consumption_ml_per_car,,25,
Q2M-WSYA1000M,volume_ml,,1000,
701350,ph_level,Asidik (pH 1.5),,
701350,consumption_ml_per_car,,150,
701350,concentrate,,,true
701350,dilution_ratio,Saf veya 1:5,,
700888,ph_level,Asidik,,
700888,concentrate,,,true
700888,weight_kg,,25,
79304,application_method,Spray & Rinse,,
79304,durability_label,3 Ay,,
79304,features,"Kurutma yardımcısı, bez gerektirmez",,
79304,durability_months,,3,
Q2M-QDYA1000M,function,"Toz alma, Parlatma",,
Q2M-QDYA1000M,features,"Karnauba bazı, kolay silim, leke bırakmaz",,
79301,function,Temizlik ve Koruma,,
79301,features,"İz bırakmaz, nanoteknoloji uyumlu",,
Q2M-CRYA250M,durability_label,6+ Hafta,,
Q2M-CRYA250M,function,Seramik kaplama bakımı ve su lekesi önleme,,
Q2M-CRYA250M,application_method,Spray & Wipe,,
Q2M-CMR500M,target_surfaces,Mat Boya,,
Q2M-CMR500M,target_surfaces,Mat PPF,,
Q2M-CMR500M,features,Parlatmadan korur,,
Q2M-PPFMR500M,target_surfaces,PPF,,
Q2M-PPFMR500M,target_surfaces,Vinil,,
Q2M-PPFMR500M,features,"Folyoyu besler, sararmayı geciktirir",,
26919.271.001,features,"Yüksek su iticilik, kolay uygulama",,
26919.271.001,durability_label,3 Ay,,
26919.271.001,durability_months,,3,
700097,durability_label,5-9 Ay,,
700097,features,"Su bazlı, klasik araçlar için güvenli",,
22070.261.001,features,"Polimer teknolojisi, derin parlaklık",,
22070.261.001,filler_free,,,true
22070.261.001,durability_label,6 Ay+,,
22070.261.001,durability_months,,6,
22070.261.001,application_method,Machine or Hand (Apply & Buff),,
22870.261.001,features,Doğal parlaklık ve koruma,,
22870.261.001,filler_free,,,true
22870.261.001,application_method,Machine or Hand,,
Q2-W175G,features,Ambalajı sayesinde el değmeden uygulama,,
Q2-W175G,durability_label,Haftalarca,,
Q2-W175G,durability_months,,6,
74062,concentrate,,,true
74062,dilution_ratio,1:100,,
74062,features,Yıkama sonrası hızlı kurutma cilası,,
74062,scent,Vişne,,
71331,concentrate,,,true
71331,dilution_ratio,1:200,,
71331,scent,Vişne,,
71331,features,Self servis uyumlu,,
71331,features,Koruyucu ve parlatıcı,,
71331,features,Ekonomik dozaj,,
71331,features,Düşük pH,,
70545,features,"Osmoz suyu uyumlu, leke bırakmaz",,
70545,concentrate,,,true
70545,dilution_ratio,1:200,,
75016,features,Susuz temizlik ve parlaklık,,
Q2M-WCYA4000M,application_method,Spray & Rinse,,
Q2M-WCYA4000M,durability_label,12 Hafta,,
Q2M-WCYA4000M,features,Galon boyut,,
Q2M-WCYA4000M,features,Profesyonel kullanım,,
Q2M-WCYA4000M,features,SiO² teknoloji,,
Q2M-WCYA4000M,features,pH 2-11 dayanım,,
78779,application_method,Foam Lance / Spray,,
78779,concentrate,,,true
78779,dilution_ratio,1:400 (Püskürtme) - 1:15 (Köpük),,
78779,features,"Nanoteknoloji, aşınma direnci, ıslak veya kuru kullanım",,
Q2-QV120M,durability_months,,6,
Q2-QV120M,features,Keçe uçlu tüp,,
Q2-QV120M,features,6 ay dayanım,,
Q2-QV120M,features,Sileceksiz görüş,,
Q2-QV120M,features,Cam spesifik,,
Q2M-CDYA1000M,application_method,Islak / Kuru,,
Q2M-CDYA1000M,features,Seramik hidrofobi takviyesi,,
Q2M-CDYA1000M,features,SiO² içerik,,
Q2M-CDYA1000M,features,Islak/kuru esneklik,,
Q2M-CDYA1000M,features,Düşük tüketim,,
Q2M-TOTR1000M,features,Tam katman sökücü,,
Q2M-TOTR1000M,features,1L profesyonel boyut,,
Q2M-TOTR1000M,features,Polisajsız düzeltme,,
Q2M-TOTR1000M,features,Hızlı etki,,
75182,application_method,Spray & Wipe,,
75182,features,Balmumu içerikli,,
75182,features,Nano teknoloji,,
75182,features,Çizilmeye karşı direnç,,
75182,features,Showroom parlaklığı,,
75182,features,5L profesyonel boyut,,
74059,dilution_ratio,Saf - 1:25,,
74059,features,UV-aktif nano formül,,
74059,features,Patentli teknoloji,,
74059,features,6 hafta koruma,,
74059,features,Esnek seyreltme,,
700096,features,Nano teknoloji,,
700096,features,Moleküler film,,
700096,features,5L profesyonel boyut,,
700096,features,Kimyasal direnç,,
373680,power_source,Corded (Kablolu),,
373680,features,"VR elektronik kontrol, yüksek tork, aşırı ısınma koruması",,
373680,weight_kg,,2.2,
406813,power_source,Corded (Kablolu),,
406813,features,"Ergonomik ince gövde, tetik hassasiyeti",,
406813,weight_kg,,2.2,
533019,power_source,Battery (Akülü),,
533019,kit_contents,2x 5.0Ah Akü,,
533019,kit_contents,Hızlı Şarj Cihazı,,
533019,kit_contents,Çanta,,
533019,weight_kg,,2.1,
533019,features,Kömürsüz motor,,
533019,features,CDC sabit elektronik,,
533019,features,6 kademeli hız,,
533019,features,EMS koruma sistemi,,
533019,features,LED akü göstergesi,,
SGGF179,power_source,Corded (Kablolu),,
SGGF179,features,"İki aşamalı dişli redüktör, titreşim önleme",,
SGGF179,weight_kg,,3.5,
418072,power_source,Corded (Kablolu),,
418072,features,"Pozitif sürüş (Gear Driven), hologram yapmaz, yüksek kesim",,
418072,weight_kg,,2.6,
533020,power_source,Battery (Akülü),,
533020,kit_contents,2x 5.0Ah Akü,,
533020,kit_contents,Şarj Cihazı,,
533020,weight_kg,,2,
533020,features,Gear Driven,,
533020,features,Dual Action,,
533020,features,Kömürsüz motor,,
533020,features,CDC elektronik,,
533020,features,Kablosuz,,
447129,power_source,Corded (Kablolu),,
447129,features,"Serbest salınım, dar alanlar için ideal",,
447129,weight_kg,,2.1,
418080,power_source,Corded (Kablolu),,
418080,features,"Hologramsız finisaj, düşük yüzey ısısı",,
418080,weight_kg,,2.4,
533021,power_source,Battery (Akülü),,
533021,weight_kg,,2.1,
533021,features,15mm salınım,,
533021,features,Kömürsüz motor,,
533021,features,CDC elektronik,,
533021,features,Kablosuz,,
533021,features,EMS koruma,,
SGGF181,power_source,Corded (Kablolu),,
SGGF181,features,"Yumuşak başlatma, ergonomik tasarım",,
SGGF181,weight_kg,,3.5,
418102,power_source,Battery (Akülü),,
418102,features,"Hızlı değişim sistemi (I-Brid), hepsi bir arada",,
418102,weight_kg,,0.63,
513547,kit_contents,PXE 80 Nano Polisaj,,
513547,kit_contents,DD 2G Şarjlı Matkap,,
513547,kit_contents,3'lü Fırça,,
513547,features,Detaylı temizlik ve polisaj için komple set,,
513547,power_source,Battery,,
SGGF273,power_source,Battery (Akülü),,
SGGF273,features,"65 parça aksesuar seti, fırçasız motor",,
SGGF273,weight_kg,,0.629,
447706,power_source,Corded,,
447706,features,"Kömürsüz motor, titreşim sönümleme",,
530632,power_source,Corded,,
530632,features,"Hız ayarlı, kömürsüz motor",,
530632,weight_kg,,1.3,
516112,features,Aparatsız montaj,,
516112,features,Hızlı değişim sistemi,,
516112,features,140cm esneklik,,
513547-01,features,Matkap+Fırça seti,,
513547-01,features,Fırçasız motor,,
513547-01,features,Detaylı temizlik için,,
SGGC055,material,HDPE + Alüminyum,,
SGGC055,features,Çift yönlü mandal,,
SGGC055,features,Seyreltme göstergesi,,
SGGC055,features,Bilya sistemi,,
SGGC055,features,Yedek parça dahil,,
532579,weight_g,,700,
532579,features,LCD ekran,,
532579,features,Sabit sıcaklık teknolojisi,,
532579,features,4 nozul dahil,,
532579,features,Koruyucu tutamak,,
SGGC086,max_pressure_bar,,16,
SGGC086,material,PP + Plastik uç,,
SGGC086,features,Yumuşak plastik uç,,
SGGC086,features,Çift yönlü askı aparatı,,
SGGC086,features,Ergonomik tasarım,,
SGGC086,features,Çizme karşıtı,,
530537,features,EC fırçasız motor,,
530537,features,3 hava üfleme modu,,
530537,features,Değiştirilebilir nozullar,,
530537,features,Kompakt tasarım,,
SGGS003,nozzle_type,short,,
SGGS003,material,PA66,,
SGGS003,dimensions_mm,179x90x25,,
SGGS003,weight_g,,117,
SGGS003,features,Konik açılı kısa nozul,,
SGGS003,features,PA66 plastik gövde,,
SGGS003,features,Çift kanca sistemi,,
SGGS003,features,Alüminyum iç parçalar,,
GPRO6555,base_diameter_mm,,55,
GPRO6555,hardness,Medium-Soft,,
GPRO6555,cell_structure,Open,,
GPRO6555,color,Yellow,,
336807,quantity,,2,
399647,quantity,,2,
81676800,kit_contents,Nozzle,,
81676800,kit_contents,Keçe,,
81676800,quantity,,1,
81771871,kit_contents,Ayarlanabilir Nozzle,,
81771871,kit_contents,Açılı Nozzle,,
81771871,quantity,,1,
81771874,kit_contents,Valf,,
81771874,kit_contents,Conta,,
81771874,kit_contents,O-ring,,
81771874,quantity,,6,
82671874,kit_contents,Conta,,
82671874,kit_contents,Bilezik,,
82671874,kit_contents,Valf,,
82671874,quantity,,9,
487988,diameter_mm,,150,
487988,material,Esnek PU,,
492361,diameter_mm,,75,
492361,material,PU,,
492361,hardness,Orta,,
SGGD166,diameter_mm,,1,
SGGD166,diameter_mm,,2,
SGGD166,quantity,,2,
SGGF181-57,diameter_mm,,125,
SGGF181-57,features,Delikli/Soğutmalı,,
SGGF181-57,material,Kauçuk + Sünger + Plastik,,
SGGD053,diameter_mm,,150,
SGGD053,material,Silikon/Esnek,,
26935.099.001,color,Kırmızı,,
26935.099.001,material,Metal+PVC,,
26935.099.001,diameter_mm,,148,
26931.099.001,color,Kırmızı,,
26931.099.001,material,Metal + PVC,,
26931.099.001,diameter_mm,,123,
26934.099.001,color,Kırmızı,,
26934.099.001,material,Metal + PVC,,
26934.099.001,diameter_mm,,75,
SGYC011,material,Plastik,,
83371816,features,Ayarlanabilir Konik Nozul,,
82671836,features,Kimyasal Dayanımlı,,
82671836,diameter_mm,,12,
83371836,type,Spiral,,
83371836,features,Kimyasal Dayanımlı,,
83371836,features,Otomatik Toplanır,,
82671872,material,INOX (Paslanmaz Çelik),,
79643,features,Kimyasal Dayanımlı,,
8447,features,360 Derece Atım,,
8447,color,Beyaz,,
79258,features,Kimyasal Dayanımlı,,
79258,color,Siyah,,
8410,features,360 Derece Atım,,
8410,color,Beyaz,,
445894,features,EMS Koruma,,
445894,features,Hızlı Şarj,,
445894,features,Şarj Göstergesi,,
417882,features,"Hızlı Şarj, LED Gösterge",,
458813,kit_contents,50mm,,
458813,kit_contents,80mm,,
458813,kit_contents,120mm Uzatma,,
81678,capacity_liters,,2,
81678,compressed_air_connection,,,true
81678,features,"Kompresör sibop girişi, sürekli köpük imkanı",,
81678,capacity_total_lt,,1.9,
81678,max_pressure_bar,,3,
81678,nozzle_type,Yelpaze tipi köpük nozul,,
81678,chemical_resistance,Asitler,,
81678,chemical_resistance,Köpük yapıcılar,,
81678,chemical_resistance,pH nötr,,
81776,capacity_liters,,1.5,
81776,chemical_resistance,Chemicals,,
81776,features,"Geniş ağız, ergonomik tasarım",,
81776,capacity_total_lt,,1.5,
81776,max_pressure_bar,,3,
81776,nozzle_type,Köpük yapıcı açılı özel nozul,,
82676,capacity_liters,,12,
82676,features,"Profesyonel geniş hacim, taşıma askısı",,
82676,capacity_total_lt,,10,
82676,max_pressure_bar,,4,
82676,nozzle_type,Köpük yapıcı açılı özel nozul,,
81675,capacity_liters,,2,
81675,chemical_resistance,Acid,,
81675,chemical_resistance,Disinfectant,,
81675,spray_pattern_adjustable,,,true
81675,features,"360 derece atım, asit dayanımı",,
81675,capacity_total_lt,,1.9,
81675,max_pressure_bar,,2.5,
81675,nozzle_type,Ayarlanabilir universal + Açılı sıvı nozul,,
84177,capacity_liters,,1,
84177,chemical_resistance,Alkaline,,
84177,chemical_resistance,Alcohol,,
84177,features,"360 derece atım, şeffaf seviye göstergesi",,
84177,nozzle_type,Ayarlanabilir Konik,,
84177,weight_g,,180,
84177,made_in,İspanya,,
84173,capacity_liters,,0.6,
84173,features,"Kompakt boyut, 360 derece kullanım",,
84173,chemical_resistance,Alkaline,,
84173,chemical_resistance,Ketones,,
84173,chemical_resistance,Alcohol,,
84173,chemical_resistance,Disinfectants,,
84173,chemical_resistance,pH Neutral,,
84173,weight_g,,180,
84173,made_in,İspanya,,
81774,capacity_liters,,1.5,
81774,chemical_resistance,Solvent,,
81774,chemical_resistance,Petroleum,,
81774,chemical_resistance,Oil,,
81774,features,Ağır kimyasal ve solvent dayanımı,,
81774,nozzle_type,Ayarlanabilir Universal,,
81774,weight_g,,460,
81774,made_in,İspanya,,
84174,capacity_liters,,1,
84174,chemical_resistance,Solvent,,
84174,chemical_resistance,Tar Remover,,
84174,features,Zift ve balata temizleyiciler için ideal,,
84174,capacity_total_lt,,1,
81777,capacity_liters,,1.5,
81777,chemical_resistance,Alkaline,,
81777,chemical_resistance,Alcohol,,
81777,features,"EPDM conta, genel temizleyicilerle uyumlu",,
81777,capacity_total_lt,,1.5,
81777,max_pressure_bar,,2.5,
81777,nozzle_type,Ayarlanabilir universal + Açılı sıvı nozul,,
83371,capacity_liters,,12,
83371,material,INOX (Paslanmaz Çelik),,
83371,features,"Manometre, film uygulamaları için özel",,
83371,capacity_total_lt,,15,
83371,max_pressure_bar,,6,
83371,nozzle_type,Konik ve yelpaze nozul,,
83371,chemical_resistance,Alkol bazlı çözeltiler,,
83371,chemical_resistance,Seyreltilmiş asitler,,
83371,chemical_resistance,pH nötr,,
18802,capacity_liters,,1.8,
18802,chemical_resistance,Acid,,
18802,features,Asitli jant temizleyiciler için ideal,,
18802,capacity_total_lt,,1.86,
18802,max_pressure_bar,,3,
18802,nozzle_type,Ayarlanabilir,,
18810,capacity_liters,,1.8,
18810,chemical_resistance,Alkaline,,
18810,chemical_resistance,Alcohol,,
18810,capacity_total_lt,,1.86,
18810,max_pressure_bar,,3,
18810,nozzle_type,Ayarlanabilir,,
26005,capacity_liters,,1.8,
26005,chemical_resistance,Solvent,,
26005,chemical_resistance,Petroleum,,
26005,chemical_resistance,Aggressive Chemicals,,
26005,features,En yüksek kimyasal direnç (Ultimate seri),,
26005,capacity_total_lt,,1.86,
26005,nozzle_type,Ayarlanabilir konik sprey,,
20450,capacity_liters,,1.3,
20450,features,"360 derece kullanım, şeffaf hazne",,
20450,capacity_total_lt,,1.31,
20450,nozzle_type,Ayarlanabilir (ince sis - düz jet),,
20450,chemical_resistance,Su bazlı deterjanlar,,
20450,chemical_resistance,pH nötr ürünler,,
21746,capacity_liters,,11,
21746,features,"Geniş hacim, köpük yapıcı",,
21746,capacity_total_lt,,11.23,
21746,max_pressure_bar,,3,
21746,nozzle_type,"Kavisli köpük lans, 110° fan açısı",,
21746,chemical_resistance,Alkaliler,,
21746,chemical_resistance,Ketonlar,,
21746,chemical_resistance,Alkoller,,
123456,capacity_liters,,10,
123456,features,Film uygulamaları için özel beyaz/siyah tasarım,,
123456,function,PPF ve Cam Filmi Uygulama Pompası,,
123456,max_pressure_bar,,3,
123456,made_in,İtalya,,
79587-643,capacity_liters,,1,
79587-643,features,"Ölçekli, kimyasal dayanıklı Canyon başlık",,
79587-643,color,Mavi,,
79588-643,capacity_liters,,1,
79588-643,color,Siyah,,
700743,capacity_liters,,2,
700743,chemical_resistance,Alkaline,,
700743,chemical_resistance,Alcohol,,
700743,features,Gıda işletmeleri ve dezenfeksiyon uyumlu,,
700743,capacity_total_lt,,2,
Q2M-P-DB300M,capacity_liters,,0.3,
Q2M-P-DB300M,features,"Esnek yapı, hassas döküm",,
Q2M-P-DB300M,material,Esnek plastik,,
81686,capacity_total_lt,,2,
81686,nozzle_type,Fan yayılımlı köpük nozulu,,
84170,nozzle_type,Ayarlanabilir konik nozul,,
82672,capacity_total_lt,,8,
82672,nozzle_type,Ayarlanabilir konik (2 adet) + Açılı/fan nozul,,
82679,capacity_total_lt,,10,
82679,nozzle_type,Ayarlanabilir universal (2 adet) + Açılı sıvı nozul,,
81781,capacity_total_lt,,1.5,
81781,nozzle_type,Ayarlanabilir universal + Açılı sıvı nozul,,
81773,capacity_total_lt,,1.5,
81773,nozzle_type,Alttan püskürtmeli uzun nozul,,
79587-644,color,Mavi,,
79588-644,color,Siyah,,
79586-644,color,Yeşil,,
79586-643,color,Yeşil,,
18848,capacity_total_lt,,1.86,
18848,nozzle_type,110° köpük nozulu,,
24952,nozzle_type,Ayarlanabilir (sis - jet),,
24952,color,Beyaz/Siyah,,
20444,capacity_total_lt,,1.31,
20444,nozzle_type,"Ayarlanabilir (sis - jet, ~7m menzil)",,
20444,color,Kırmızı/Beyaz,,
20417,capacity_total_lt,,1.31,
20417,nozzle_type,"Ayarlanabilir (sis - jet, ~7m menzil)",,
20417,color,Gri/Beyaz,,
20009,capacity_total_lt,,2,
20009,nozzle_type,"Ayarlanabilir (sis - jet, ~7m menzil)",,
20009,color,Kırmızı/Beyaz,,
19976,capacity_total_lt,,2,
19976,nozzle_type,"Ayarlanabilir (sis - jet, ~7m menzil)",,
19976,color,Gri/Beyaz,,
19956,capacity_total_lt,,2,
19956,nozzle_type,"Ayarlanabilir (sis - jet, ~7m menzil)",,
19956,color,Mavi/Beyaz,,
20102,capacity_total_lt,,2,
20102,nozzle_type,"Ayarlanabilir (sis - jet, ~7m menzil)",,
20102,color,Kırmızı/Beyaz,,
19771,capacity_total_lt,,2,
19771,nozzle_type,"Ayarlanabilir (sis - jet, ~7m menzil)",,
19771,color,Kırmızı/Beyaz,,
23822,capacity_total_lt,,9.88,
23822,nozzle_type,Ayarlanabilir,,
23822,color,Siyah/Beyaz,,
23841,capacity_total_lt,,9.9,
23841,nozzle_type,Köpük nozul (110° püskürtme açısı),,
23841,color,Siyah/Beyaz,,
12922,nozzle_type,Ayarlanabilir,,
12922,color,Siyah/Beyaz,,
12918,nozzle_type,Ayarlanabilir,,
12918,color,Lacivert/Beyaz,,
13724,nozzle_type,Ayarlanabilir (sis/jet),,
13724,color,Beyaz/Beyaz,,
P0140AK1#26263,nozzle_type,Canyon başlık (ayarlanabilir ince/kalın),,
P0140AK1#26263,color,Kırmızı/Beyaz,,
SGGD416,material,Paslanmaz Çelik,,
SGGD415,material,Paslanmaz Çelik,,
530882,material,Metal,,
530883,material,Metal,,
502561,material,Kumaş,,
502561,weight_kg,,3.14,
SGGD175,material,Kumaş,,
SGGD291,material,Plastik,,
SGGD025,material,Metal,,
SGGD025,weight_kg,,18,
SGGD285,material,Plastik,,
SGGD285,quantity,,4,
SGGD289,material,Plastik,,
Q2M-SCOV,material,Kumaş,,
Q2M-SCOV,color,Siyah,,
Q2M-SCOV,quantity,,1,
Q2M-SWCOV,material,Kumaş,,
Q2M-SWCOV,color,Siyah,,
Q2M-SWCOV,quantity,,1,
79472,material,Plastik,,
79472,color,Siyah,,
Q2M-KM,material,Köpük,,
KLIN-3251BL,material,Kumaş/Peluş,,
KLIN-3251BL,color,Antrasit,,
SGGD233,material,Plastik,,
SGGD233,quantity,,4,
481491,material,Plastik/Metal,,
481491,weight_kg,,3.3,
481491,dimensions_mm,240x200x400,,
532024,material,Plastik/Metal,,
405418,material,Plastik/Metal,,
405418,weight_kg,,7.4,
405418,dimensions_mm,430x380x506,,
530375,features,3 parlaklık seviyesi,,
530375,features,Akü veya elektrik,,
530375,features,Tripod ayarlanabilir,,
530375,features,USB-C şarj portu,,
463302,weight_g,,56,
463302,features,CREE XPG-R5 LED,,
463302,features,Ayarlanabilir fokus,,
463302,features,Manyetik tutucu,,
463302,features,Kalem tipi,,
486728,features,Bluetooth kontrolü,,
486728,features,USB şarj portu,,
486728,features,5 kademe CCT,,
486728,features,Tripod uyumlu,,
SGGD402,material,ABS plastik,,
SGGD402,features,10 püskürtme modu,,
SGGD402,features,Ayarlanabilir basınç,,
SGGD402,features,Kaymaz kauçuk sap,,
SGGD402,features,Tetik yerine düğme,,
70868,dilution_ratio,Saf veya 1:2,,
70868,volume_ml,,750,
71706,dilution_ratio,1:3 - 1:5,,
71706,weight_kg,,5,
75138,function,Uzun Süreli Lastik Parlatıcı,,
75138,volume_ml,,5000,
75138,made_in,İtalya,,
701908,function,Parlatıcı + Koruyucu + Yenileyici,,
701908,volume_ml,,900,
701908,made_in,İtalya,,
Q2M-TEYA1000M,function,Lastik Parlatıcı ve Koruyucu,,
Q2M-TEYA1000M,volume_ml,,1000,
Q2M-TEYA1000M,made_in,Güney Kore,,
Q2M-TCYA1000M,function,Lastik ve Kauçuk Temizleyici,,
Q2M-TCYA1000M,ph_level,10 (Alkali),,
Q2M-TCYA1000M,volume_ml,,1000,
Q2M-TCYA1000M,made_in,Güney Kore,,
26900.223.011,color,Sarı,,
26900.223.011,hardness,Medium,,
26900.223.011,cut_level,Medium Cut,,
26900.223.011,diameter_mm,,150,
26900.223.011,filler_free,,,false
26900.223.011,silicone_free,,,false
26900.223.011,base_diameter_mm,,130,
26900.223.011,machine_compatibility,Rotary,,
26900.223.011,machine_compatibility,Orbital,,
26900.223.012,color,Yeşil,,
26900.223.012,hardness,Soft,,
26900.223.012,cut_level,Finish,,
26900.223.012,diameter_mm,,150,
26900.223.012,base_diameter_mm,,130,
26900.223.012,machine_compatibility,Rotary,,
26900.223.012,machine_compatibility,Orbital,,
26900.223.010,color,Kırmızı,,
26900.223.010,hardness,Hard,,
26900.223.010,cut_level,Heavy Cut,,
26900.223.010,diameter_mm,,150,
26900.223.010,base_diameter_mm,,130,
26900.223.010,machine_compatibility,Rotary,,
26900.223.010,machine_compatibility,Orbital,,
24017.261.080,made_in,Germany,,
24017.261.080,cut_level,,10,
24017.261.080,volume_ml,,1000,
24017.261.080,machine_compatibility,Rotary,,
24017.261.080,machine_compatibility,Orbital,,
