source,id,sku,key,after,original_group,original_sub_type,final_group,final_sub_type,reason
phase3a,phase3a-Q2M-CM1000M-confidence_level-1,Q2M-CM1000M,confidence_level,high,abrasive_polish,heavy_cut_compound,abrasive_polish,heavy_cut_compound,"confidence_level: not measurable, no filter value (global delete)"
phase3a,phase3a-Q2M-CMP1000M-confidence_level-1,Q2M-CMP1000M,confidence_level,high,abrasive_polish,heavy_cut_compound,abrasive_polish,heavy_cut_compound,"confidence_level: not measurable, no filter value (global delete)"
phase3a,phase3a-Q2M-CMPR1000M-confidence_level-1,Q2M-CMPR1000M,confidence_level,high,abrasive_polish,heavy_cut_compound,abrasive_polish,heavy_cut_compound,"confidence_level: not measurable, no filter value (global delete)"
phase3a,phase3a-Q2M-PO1000M-confidence_level-1,Q2M-PO1000M,confidence_level,high,abrasive_polish,polish,abrasive_polish,polish,"confidence_level: not measurable, no filter value (global delete)"
phase3a,phase3a-20144.261.001-confidence_level-1,20144.261.001,confidence_level,high,abrasive_polish,sanding_paste,abrasive_polish,heavy_cut_compound,"confidence_level: not measurable, no filter value (global delete)"
phase3a,phase3a-20144.261.001-rinse_required-1,20144.261.001,rinse_required,True,abrasive_polish,sanding_paste,abrasive_polish,heavy_cut_compound,rinse_required: not applicable for abrasive_polish/heavy_cut_compound
phase3a,phase3a-701003-skill_level-1,701003,skill_level,pro,car_shampoo,ceramic_infused_shampoo,car_shampoo,ceramic_infused_shampoo,skill_level: not applicable for car_shampoo/ceramic_infused_shampoo
phase3a,phase3a-701851-dwell_time_minutes-1,701851,dwell_time_minutes,3,car_shampoo,ph_neutral_shampoo,car_shampoo,ph_neutral_shampoo,dwell_time_minutes: not applicable for car_shampoo/ph_neutral_shampoo
phase3a,phase3a-Q2M-BYA4000M-confidence_level-1,Q2M-BYA4000M,confidence_level,high,car_shampoo,ph_neutral_shampoo,car_shampoo,ph_neutral_shampoo,"confidence_level: not measurable, no filter value (global delete)"
phase3a,phase3a-Q2M-BPYA1000M-dwell_time_minutes-1,Q2M-BPYA1000M,dwell_time_minutes,2,car_shampoo,ceramic_infused_shampoo,car_shampoo,ceramic_infused_shampoo,dwell_time_minutes: not applicable for car_shampoo/ceramic_infused_shampoo
phase3a,phase3a-Q2M-PPFW500M-dwell_time_minutes-1,Q2M-PPFW500M,dwell_time_minutes,2,car_shampoo,ppf_shampoo,car_shampoo,ph_neutral_shampoo,dwell_time_minutes: not applicable for car_shampoo/ph_neutral_shampoo
phase3a,phase3a-Q2M-RW1000M-dwell_time_minutes-1,Q2M-RW1000M,dwell_time_minutes,2,car_shampoo,decon_shampoo,car_shampoo,decon_shampoo,dwell_time_minutes: not applicable for car_shampoo/decon_shampoo
phase3a,phase3a-79290-dwell_time_minutes-1,79290,dwell_time_minutes,3,car_shampoo,decon_shampoo,car_shampoo,decon_shampoo,dwell_time_minutes: not applicable for car_shampoo/decon_shampoo
phase3a,phase3a-79290-skill_level-1,79290,skill_level,pro,car_shampoo,decon_shampoo,car_shampoo,decon_shampoo,skill_level: not applicable for car_shampoo/decon_shampoo
phase3a,phase3a-79286-confidence_level-1,79286,confidence_level,high,car_shampoo,ceramic_infused_shampoo,car_shampoo,ceramic_infused_shampoo,"confidence_level: not measurable, no filter value (global delete)"
phase3a,phase3a-79284-confidence_level-1,79284,confidence_level,high,car_shampoo,ph_neutral_shampoo,car_shampoo,ph_neutral_shampoo,"confidence_level: not measurable, no filter value (global delete)"
phase3a,phase3a-700507-confidence_level-1,700507,confidence_level,high,car_shampoo,ph_neutral_shampoo,car_shampoo,ph_neutral_shampoo,"confidence_level: not measurable, no filter value (global delete)"
phase3a,phase3a-700508-confidence_level-1,700508,confidence_level,high,car_shampoo,ph_neutral_shampoo,car_shampoo,ph_neutral_shampoo,"confidence_level: not measurable, no filter value (global delete)"
phase3a,phase3a-701422-skill_level-1,701422,skill_level,pro,car_shampoo,towel_wash,car_shampoo,towel_wash,skill_level: not applicable for car_shampoo/towel_wash
phase3a,phase3a-701422-application_method-1,701422,application_method,both,car_shampoo,towel_wash,car_shampoo,towel_wash,application_method: not applicable for car_shampoo/towel_wash
phase3a,phase3a-Q2-OLE100M-confidence_level-1,Q2-OLE100M,confidence_level,high,ceramic_coating,single_layer_coating,ceramic_coating,paint_coating,"confidence_level: not measurable, no filter value (global delete)"
phase3a,phase3a-Q2-PPFE50M-rinse_required-1,Q2-PPFE50M,rinse_required,True,ceramic_coating,ppf_coating,ceramic_coating,paint_coating,rinse_required: not applicable for ceramic_coating/paint_coating
phase3a,phase3a-Q2-RE30M-confidence_level-1,Q2-RE30M,confidence_level,high,ceramic_coating,wheel_coating,ceramic_coating,wheel_coating,"confidence_level: not measurable, no filter value (global delete)"
phase3a,phase3a-79296-dwell_time_minutes-1,79296,dwell_time_minutes,1,ceramic_coating,glass_coating,ceramic_coating,glass_coating,dwell_time_minutes: not applicable for ceramic_coating/glass_coating
phase3a,phase3a-79296-rinse_required-1,79296,rinse_required,True,ceramic_coating,glass_coating,ceramic_coating,glass_coating,rinse_required: not applicable for ceramic_coating/glass_coating
phase3a,phase3a-700405-dwell_time_minutes-1,700405,dwell_time_minutes,2,ceramic_coating,paint_coating,ceramic_coating,paint_coating,dwell_time_minutes: not applicable for ceramic_coating/paint_coating
phase3a,phase3a-700405-confidence_level-1,700405,confidence_level,high,ceramic_coating,paint_coating,ceramic_coating,paint_coating,"confidence_level: not measurable, no filter value (global delete)"
phase3a,phase3a-MXP-CCN50KS-confidence_level-1,MXP-CCN50KS,confidence_level,high,ceramic_coating,paint_coating,ceramic_coating,paint_coating,"confidence_level: not measurable, no filter value (global delete)"
phase3a,phase3a-MXP-DPCN50KS-confidence_level-1,MXP-DPCN50KS,confidence_level,high,ceramic_coating,paint_coating,ceramic_coating,paint_coating,"confidence_level: not measurable, no filter value (global delete)"
phase3a,phase3a-MXP-HC50KS-confidence_level-1,MXP-HC50KS,confidence_level,high,ceramic_coating,multi_step_coating_kit,ceramic_coating,paint_coating,"confidence_level: not measurable, no filter value (global delete)"
phase3a,phase3a-MGPS-6046R-application_method-1,MGPS-6046R,application_method,both,clay_products,clay_pad,clay_products,clay_pad,application_method: not applicable for clay_products/clay_pad
phase3a,phase3a-MGPS-6012K-application_method-1,MGPS-6012K,application_method,both,clay_products,clay_disc,clay_products,clay_pad,application_method: not applicable for clay_products/clay_pad
phase3a,phase3a-700210-skill_level-1,700210,skill_level,pro,contaminant_solvers,wheel_iron_remover,contaminant_solvers,wheel_iron_remover,skill_level: not applicable for contaminant_solvers/wheel_iron_remover
phase3a,phase3a-71110-skill_level-1,71110,skill_level,pro,contaminant_solvers,specialty_cleaner,contaminant_solvers,specialty_cleaner,skill_level: not applicable for contaminant_solvers/specialty_cleaner
phase3a,phase3a-76008-rinse_required-1,76008,rinse_required,True,contaminant_solvers,bug_remover,contaminant_solvers,bug_remover,rinse_required: not applicable for contaminant_solvers/bug_remover
phase3a,phase3a-Q2M-CCE-skill_level-1,Q2M-CCE,skill_level,pro,contaminant_solvers,clay_bar,contaminant_solvers,clay_bar,skill_level: not applicable for contaminant_solvers/clay_bar
phase3a,phase3a-Q2M-TOTR1000M-confidence_level-1,Q2M-TOTR1000M,confidence_level,high,contaminant_solvers,wax_remover,contaminant_solvers,wax_remover,"confidence_level: not measurable, no filter value (global delete)"
phase3a,phase3a-79291-rinse_required-1,79291,rinse_required,True,contaminant_solvers,iron_remover,contaminant_solvers,wheel_iron_remover,rinse_required: not applicable for contaminant_solvers/wheel_iron_remover
phase3a,phase3a-701610-dwell_time_minutes-1,701610,dwell_time_minutes,5,fragrance,odor_eliminator,fragrance,odor_eliminator,dwell_time_minutes: not applicable for fragrance/odor_eliminator
phase3a,phase3a-701610-rinse_required-1,701610,rinse_required,False,fragrance,odor_eliminator,fragrance,odor_eliminator,rinse_required: not applicable for fragrance/odor_eliminator
phase3a,phase3a-75229-confidence_level-1,75229,confidence_level,high,fragrance,vent_clip,fragrance,vent_clip,"confidence_level: not measurable, no filter value (global delete)"
phase3a,phase3a-78761-confidence_level-1,78761,confidence_level,high,fragrance,vent_clip,fragrance,vent_clip,"confidence_level: not measurable, no filter value (global delete)"
phase3a,phase3a-75228-confidence_level-1,75228,confidence_level,high,fragrance,vent_clip,fragrance,vent_clip,"confidence_level: not measurable, no filter value (global delete)"
phase3a,phase3a-Q2M-ORP4P-durability_months-1,Q2M-ORP4P,durability_months,24,fragrance,odor_eliminator,fragrance,odor_eliminator,durability_months: not applicable for fragrance/odor_eliminator
phase3a,phase3a-79415-skill_level-1,79415,skill_level,pro,fragrance,odor_eliminator,fragrance,odor_eliminator,skill_level: not applicable for fragrance/odor_eliminator
phase3a,phase3a-EF1212-durability_months-1,EF1212,durability_months,1.5,fragrance,vent_clip,fragrance,vent_clip,durability_months: not applicable for fragrance/vent_clip
phase3a,phase3a-IF1414-durability_months-1,IF1414,durability_months,1.5,fragrance,vent_clip,fragrance,vent_clip,durability_months: not applicable for fragrance/vent_clip
phase3a,phase3a-EF0303-durability_months-1,EF0303,durability_months,1.5,fragrance,vent_clip,fragrance,vent_clip,durability_months: not applicable for fragrance/vent_clip
phase3a,phase3a-PS0313-durability_months-1,PS0313,durability_months,1.0,fragrance,hanging_card,fragrance,hanging_card,durability_months: not applicable for fragrance/hanging_card
phase3a,phase3a-EF1313-durability_months-1,EF1313,durability_months,1.5,fragrance,vent_clip,fragrance,vent_clip,durability_months: not applicable for fragrance/vent_clip
phase3a,phase3a-IF1111-durability_months-1,IF1111,durability_months,1.5,fragrance,vent_clip,fragrance,vent_clip,durability_months: not applicable for fragrance/vent_clip
phase3a,phase3a-IF3243-durability_months-1,IF3243,durability_months,1.5,fragrance,vent_clip,fragrance,vent_clip,durability_months: not applicable for fragrance/vent_clip
phase3a,phase3a-EF4064-durability_months-1,EF4064,durability_months,1.5,fragrance,vent_clip,fragrance,vent_clip,durability_months: not applicable for fragrance/vent_clip
phase3a,phase3a-EF3963-durability_months-1,EF3963,durability_months,1.5,fragrance,vent_clip,fragrance,vent_clip,durability_months: not applicable for fragrance/vent_clip
phase3a,phase3a-EF1616-durability_months-1,EF1616,durability_months,1.5,fragrance,vent_clip,fragrance,vent_clip,durability_months: not applicable for fragrance/vent_clip
phase3a,phase3a-PS0404-durability_months-1,PS0404,durability_months,1.0,fragrance,hanging_card,fragrance,hanging_card,durability_months: not applicable for fragrance/hanging_card
phase3a,phase3a-IF0404-durability_months-1,IF0404,durability_months,1.5,fragrance,vent_clip,fragrance,vent_clip,durability_months: not applicable for fragrance/vent_clip
phase3a,phase3a-EF1515-durability_months-1,EF1515,durability_months,1.5,fragrance,odor_eliminator,fragrance,odor_eliminator,durability_months: not applicable for fragrance/odor_eliminator
phase3b,phase3b-PS0931-skill_level-1,PS0931,skill_level,diy,fragrance,hanging_card,fragrance,hanging_card,skill_level: not applicable for fragrance/hanging_card
phase3b,phase3b-PS0707-skill_level-2,PS0707,skill_level,diy,fragrance,hanging_card,fragrance,hanging_card,skill_level: not applicable for fragrance/hanging_card
phase3b,phase3b-PS0606-skill_level-3,PS0606,skill_level,diy,fragrance,hanging_card,fragrance,hanging_card,skill_level: not applicable for fragrance/hanging_card
phase3b,phase3b-PS0101-skill_level-4,PS0101,skill_level,diy,fragrance,hanging_card,fragrance,hanging_card,skill_level: not applicable for fragrance/hanging_card
phase3b,phase3b-PS2002-skill_level-5,PS2002,skill_level,diy,fragrance,hanging_card,fragrance,hanging_card,skill_level: not applicable for fragrance/hanging_card
phase3b,phase3b-PS0821-skill_level-6,PS0821,skill_level,diy,fragrance,hanging_card,fragrance,hanging_card,skill_level: not applicable for fragrance/hanging_card
phase3b,phase3b-71176-skill_level-7,71176,skill_level,pro,glass_cleaner_protectant,glass_cleaner,glass_cleaner_protectant,glass_cleaner,skill_level: not applicable for glass_cleaner_protectant/glass_cleaner
phase3b,phase3b-700662-skill_level-8,700662,skill_level,pro,glass_cleaner_protectant,glass_cleaner,glass_cleaner_protectant,glass_cleaner,skill_level: not applicable for glass_cleaner_protectant/glass_cleaner
phase3b,phase3b-70933-dwell_time_minutes-9,70933,dwell_time_minutes,3,industrial_products,engine_cleaner,industrial_products,engine_cleaner,dwell_time_minutes: not applicable for industrial_products/engine_cleaner
phase3b,phase3b-70933-skill_level-10,70933,skill_level,pro,industrial_products,engine_cleaner,industrial_products,engine_cleaner,skill_level: not applicable for industrial_products/engine_cleaner
phase3b,phase3b-70933-rinse_required-11,70933,rinse_required,True,industrial_products,engine_cleaner,industrial_products,engine_cleaner,rinse_required: not applicable for industrial_products/engine_cleaner
phase3b,phase3b-06008.056.001-skill_level-12,06008.056.001,skill_level,diy,industrial_products,metal_polish,industrial_products,metal_polish,skill_level: not applicable for industrial_products/metal_polish
phase3b,phase3b-75132-confidence_level-15,75132,confidence_level,high,interior_cleaner,wood_cleaner,marin_products,interior_detailer,"confidence_level: not measurable, no filter value (global delete)"
phase3b,phase3b-75404-application_method-16,75404,application_method,machine,interior_cleaner,fabric_cleaner_concentrate,interior_cleaner,fabric_leather_cleaner,application_method: not applicable for interior_cleaner/fabric_leather_cleaner
phase3b,phase3b-71676-skill_level-17,71676,skill_level,pro,interior_cleaner,fabric_cleaner_concentrate,interior_cleaner,fabric_leather_cleaner,skill_level: not applicable for interior_cleaner/fabric_leather_cleaner
phase3b,phase3b-701010-skill_level-20,701010,skill_level,pro,interior_cleaner,interior_apc,interior_cleaner,interior_apc,skill_level: not applicable for interior_cleaner/interior_apc
phase3b,phase3b-77192-outdoor_use-24,77192,outdoor_use,True,interior_cleaner,wood_protector,marin_products,interior_detailer,outdoor_use: not applicable for marin_products/interior_detailer
phase3b,phase3b-Q2M-PM500M-durability_months-25,Q2M-PM500M,durability_months,6,interior_cleaner,interior_detailer,interior_cleaner,plastic_dressing,durability_months: not applicable for interior_cleaner/plastic_dressing
phase3b,phase3b-79298-durability_months-32,79298,durability_months,5,interior_cleaner,plastic_dressing,interior_cleaner,plastic_dressing,durability_months: not applicable for interior_cleaner/plastic_dressing
phase3b,phase3b-Q2-LCR500M-skill_level-34,Q2-LCR500M,skill_level,pro,leather_care,leather_protectant,leather_care,leather_treatment,skill_level: not applicable for leather_care/leather_treatment
phase3b,phase3b-Q2M-LCSYA1000M-skill_level-35,Q2M-LCSYA1000M,skill_level,pro,leather_care,leather_cleaner,leather_care,leather_cleaner,skill_level: not applicable for leather_care/leather_cleaner
phase3b,phase3b-Q2M-LSN200M-durability_months-36,Q2M-LSN200M,durability_months,6,leather_care,leather_care_kit,leather_care,leather_care_kit,durability_months: not applicable for leather_care/leather_care_kit
phase3b,phase3b-Q2M-LSN200M-indoor_use-37,Q2M-LSN200M,indoor_use,True,leather_care,leather_care_kit,leather_care,leather_care_kit,indoor_use: not applicable for leather_care/leather_care_kit
phase3b,phase3b-Q2M-LSSYA200M-durability_months-38,Q2M-LSSYA200M,durability_months,3,leather_care,leather_care_kit,leather_care,leather_care_kit,durability_months: not applicable for leather_care/leather_care_kit
phase3b,phase3b-Q2M-LSSYA200M-indoor_use-39,Q2M-LSSYA200M,indoor_use,True,leather_care,leather_care_kit,leather_care,leather_care_kit,indoor_use: not applicable for leather_care/leather_care_kit
phase3b,phase3b-75131-rinse_required-40,75131,rinse_required,True,marin_products,iron_remover,marin_products,iron_remover,rinse_required: not applicable for marin_products/iron_remover
phase3b,phase3b-24011.261.080-application_method-41,24011.261.080,application_method,machine,marin_products,one_step_polish,marin_products,one_step_polish,application_method: not applicable for marin_products/one_step_polish
phase3b,phase3b-HPG11850M-outdoor_use-42,HPG11850M,outdoor_use,True,masking_tapes,high_performance_tape,masking_tapes,high_performance_tape,outdoor_use: not applicable for masking_tapes/high_performance_tape
phase3b,phase3b-Q2M-SDE7090C-rinse_required-43,Q2M-SDE7090C,rinse_required,True,microfiber,drying_towel,microfiber,drying_towel,rinse_required: not applicable for microfiber/drying_towel
phase3b,phase3b-Q2M-STE-rinse_required-44,Q2M-STE,rinse_required,True,microfiber,wash_mitt,microfiber,wash_mitt,rinse_required: not applicable for microfiber/wash_mitt
phase3b,phase3b-Q2M-WP-rinse_required-45,Q2M-WP,rinse_required,True,microfiber,wash_mitt,microfiber,wash_mitt,rinse_required: not applicable for microfiber/wash_mitt
phase3b,phase3b-3236NBR2-skill_level-46,3236NBR2,skill_level,diy,microfiber,interior_cleaning_applicator,microfiber,cleaning_cloth,skill_level: not applicable for microfiber/cleaning_cloth
phase3b,phase3b-3218-confidence_level-47,3218,confidence_level,high,microfiber,glass_cloth,microfiber,cleaning_cloth,"confidence_level: not measurable, no filter value (global delete)"
phase3b,phase3b-3227I-HD-rinse_required-48,3227I-HD,rinse_required,True,microfiber,wash_mitt,microfiber,wash_mitt,rinse_required: not applicable for microfiber/wash_mitt
phase3b,phase3b-3227B-rinse_required-49,3227B,rinse_required,True,microfiber,wash_mitt,microfiber,wash_mitt,rinse_required: not applicable for microfiber/wash_mitt
phase3b,phase3b-3228R-rinse_required-50,3228R,rinse_required,True,microfiber,wash_mitt,microfiber,wash_mitt,rinse_required: not applicable for microfiber/wash_mitt
phase3b,phase3b-3221A-RD-rinse_required-51,3221A-RD,rinse_required,True,microfiber,wash_mitt,microfiber,wash_mitt,rinse_required: not applicable for microfiber/wash_mitt
phase3b,phase3b-3225A-BL-rinse_required-52,3225A-BL,rinse_required,True,microfiber,wash_mitt,microfiber,wash_mitt,rinse_required: not applicable for microfiber/wash_mitt
phase3b,phase3b-71331-rinse_required-53,71331,rinse_required,False,paint_protection_quick,rinse_wax_concentrate,paint_protection_quick,rinse_wax_concentrate,rinse_required: not applicable for paint_protection_quick/rinse_wax_concentrate
phase3b,phase3b-74059-rinse_required-54,74059,rinse_required,True,paint_protection_quick,spray_wipe_sealant,paint_protection_quick,spray_sealant,rinse_required: not applicable for paint_protection_quick/spray_sealant
phase3b,phase3b-74062-rinse_required-55,74062,rinse_required,True,paint_protection_quick,rinse_wax_concentrate,paint_protection_quick,rinse_wax_concentrate,rinse_required: not applicable for paint_protection_quick/rinse_wax_concentrate
phase3b,phase3b-70545-rinse_required-56,70545,rinse_required,True,paint_protection_quick,rinse_wax_concentrate,paint_protection_quick,rinse_wax_concentrate,rinse_required: not applicable for paint_protection_quick/rinse_wax_concentrate
phase3b,phase3b-Q2M-PPFMR500M-rinse_required-57,Q2M-PPFMR500M,rinse_required,True,paint_protection_quick,spray_sealant,paint_protection_quick,spray_sealant,rinse_required: not applicable for paint_protection_quick/spray_sealant
phase3b,phase3b-Q2M-WCYA4000M-skill_level-58,Q2M-WCYA4000M,skill_level,pro,paint_protection_quick,spray_rinse_sealant,paint_protection_quick,spray_sealant,skill_level: not applicable for paint_protection_quick/spray_sealant
phase3b,phase3b-Q2M-WCYA4000M-rinse_required-59,Q2M-WCYA4000M,rinse_required,True,paint_protection_quick,spray_rinse_sealant,paint_protection_quick,spray_sealant,rinse_required: not applicable for paint_protection_quick/spray_sealant
phase3b,phase3b-79304-rinse_required-60,79304,rinse_required,True,paint_protection_quick,spray_rinse_sealant,paint_protection_quick,spray_sealant,rinse_required: not applicable for paint_protection_quick/spray_sealant
phase3b,phase3b-79301-indoor_use-63,79301,indoor_use,True,paint_protection_quick,quick_detailer,paint_protection_quick,quick_detailer,indoor_use: not applicable for paint_protection_quick/quick_detailer
phase3b,phase3b-373680-durability_months-64,373680,durability_months,1080,polisher_machine,corded_rotary_polisher,polisher_machine,rotary,durability_months: not applicable for polisher_machine/rotary
phase3b,phase3b-373680-confidence_level-65,373680,confidence_level,high,polisher_machine,corded_rotary_polisher,polisher_machine,rotary,"confidence_level: not measurable, no filter value (global delete)"
phase3c,phase3c-123456-application_method-2,123456,application_method,machine,sprayers_bottles,pump_sprayer,sprayers_bottles,pump_sprayer,application_method: not applicable for sprayers_bottles/pump_sprayer
phase3c,phase3c-12918-skill_level-3,12918,skill_level,pro,sprayers_bottles,trigger_sprayer,sprayers_bottles,trigger_sprayer,skill_level: not applicable for sprayers_bottles/trigger_sprayer
phase3c,phase3c-12918-application_method-4,12918,application_method,both,sprayers_bottles,trigger_sprayer,sprayers_bottles,trigger_sprayer,application_method: not applicable for sprayers_bottles/trigger_sprayer
phase3c,phase3c-12922-skill_level-5,12922,skill_level,pro,sprayers_bottles,trigger_sprayer,sprayers_bottles,trigger_sprayer,skill_level: not applicable for sprayers_bottles/trigger_sprayer
phase3c,phase3c-12922-application_method-6,12922,application_method,both,sprayers_bottles,trigger_sprayer,sprayers_bottles,trigger_sprayer,application_method: not applicable for sprayers_bottles/trigger_sprayer
phase3c,phase3c-13724-skill_level-8,13724,skill_level,pro,sprayers_bottles,trigger_sprayer,sprayers_bottles,trigger_sprayer,skill_level: not applicable for sprayers_bottles/trigger_sprayer
phase3c,phase3c-13724-application_method-9,13724,application_method,both,sprayers_bottles,trigger_sprayer,sprayers_bottles,trigger_sprayer,application_method: not applicable for sprayers_bottles/trigger_sprayer
phase3c,phase3c-18802-skill_level-11,18802,skill_level,pro,sprayers_bottles,pump_sprayer,sprayers_bottles,pump_sprayer,skill_level: not applicable for sprayers_bottles/pump_sprayer
phase3c,phase3c-18802-application_method-13,18802,application_method,machine,sprayers_bottles,pump_sprayer,sprayers_bottles,pump_sprayer,application_method: not applicable for sprayers_bottles/pump_sprayer
phase3c,phase3c-18802-rinse_required-14,18802,rinse_required,True,sprayers_bottles,pump_sprayer,sprayers_bottles,pump_sprayer,rinse_required: not applicable for sprayers_bottles/pump_sprayer
phase3c,phase3c-18810-skill_level-16,18810,skill_level,pro,sprayers_bottles,pump_sprayer,sprayers_bottles,pump_sprayer,skill_level: not applicable for sprayers_bottles/pump_sprayer
phase3c,phase3c-18810-application_method-18,18810,application_method,machine,sprayers_bottles,pump_sprayer,sprayers_bottles,pump_sprayer,application_method: not applicable for sprayers_bottles/pump_sprayer
phase3c,phase3c-18810-rinse_required-19,18810,rinse_required,True,sprayers_bottles,pump_sprayer,sprayers_bottles,pump_sprayer,rinse_required: not applicable for sprayers_bottles/pump_sprayer
phase3c,phase3c-18848-skill_level-20,18848,skill_level,pro,sprayers_bottles,foaming_pump_sprayer,sprayers_bottles,foaming_pump_sprayer,skill_level: not applicable for sprayers_bottles/foaming_pump_sprayer
phase3c,phase3c-18848-application_method-22,18848,application_method,machine,sprayers_bottles,foaming_pump_sprayer,sprayers_bottles,foaming_pump_sprayer,application_method: not applicable for sprayers_bottles/foaming_pump_sprayer
phase3c,phase3c-19771-application_temperature_min_c-23,19771,application_temperature_min_c,5,sprayers_bottles,foaming_pump_sprayer,sprayers_bottles,foaming_pump_sprayer,application_temperature_min_c: not applicable for sprayers_bottles/foaming_pump_sprayer
phase3c,phase3c-19771-application_temperature_max_c-24,19771,application_temperature_max_c,30,sprayers_bottles,foaming_pump_sprayer,sprayers_bottles,foaming_pump_sprayer,application_temperature_max_c: not applicable for sprayers_bottles/foaming_pump_sprayer
phase3c,phase3c-19771-skill_level-26,19771,skill_level,pro,sprayers_bottles,foaming_pump_sprayer,sprayers_bottles,foaming_pump_sprayer,skill_level: not applicable for sprayers_bottles/foaming_pump_sprayer
phase3c,phase3c-19771-application_method-28,19771,application_method,machine,sprayers_bottles,foaming_pump_sprayer,sprayers_bottles,foaming_pump_sprayer,application_method: not applicable for sprayers_bottles/foaming_pump_sprayer
phase3c,phase3c-19771-rinse_required-29,19771,rinse_required,True,sprayers_bottles,foaming_pump_sprayer,sprayers_bottles,foaming_pump_sprayer,rinse_required: not applicable for sprayers_bottles/foaming_pump_sprayer
phase3c,phase3c-19956-application_method-31,19956,application_method,both,sprayers_bottles,pump_sprayer,sprayers_bottles,pump_sprayer,application_method: not applicable for sprayers_bottles/pump_sprayer
phase3c,phase3c-19976-application_method-33,19976,application_method,both,sprayers_bottles,pump_sprayer,sprayers_bottles,pump_sprayer,application_method: not applicable for sprayers_bottles/pump_sprayer
phase3c,phase3c-20009-application_method-35,20009,application_method,both,sprayers_bottles,pump_sprayer,sprayers_bottles,pump_sprayer,application_method: not applicable for sprayers_bottles/pump_sprayer
phase3c,phase3c-20102-skill_level-36,20102,skill_level,pro,sprayers_bottles,pump_sprayer,sprayers_bottles,pump_sprayer,skill_level: not applicable for sprayers_bottles/pump_sprayer
phase3c,phase3c-20102-application_method-38,20102,application_method,both,sprayers_bottles,pump_sprayer,sprayers_bottles,pump_sprayer,application_method: not applicable for sprayers_bottles/pump_sprayer
phase3c,phase3c-20417-application_temperature_min_c-39,20417,application_temperature_min_c,5,sprayers_bottles,pump_sprayer,sprayers_bottles,pump_sprayer,application_temperature_min_c: not applicable for sprayers_bottles/pump_sprayer
phase3c,phase3c-20417-application_temperature_max_c-40,20417,application_temperature_max_c,30,sprayers_bottles,pump_sprayer,sprayers_bottles,pump_sprayer,application_temperature_max_c: not applicable for sprayers_bottles/pump_sprayer
phase3c,phase3c-20417-skill_level-42,20417,skill_level,pro,sprayers_bottles,pump_sprayer,sprayers_bottles,pump_sprayer,skill_level: not applicable for sprayers_bottles/pump_sprayer
phase3c,phase3c-20417-application_method-44,20417,application_method,machine,sprayers_bottles,pump_sprayer,sprayers_bottles,pump_sprayer,application_method: not applicable for sprayers_bottles/pump_sprayer
phase3c,phase3c-20417-rinse_required-45,20417,rinse_required,True,sprayers_bottles,pump_sprayer,sprayers_bottles,pump_sprayer,rinse_required: not applicable for sprayers_bottles/pump_sprayer
phase3c,phase3c-20444-application_method-47,20444,application_method,both,sprayers_bottles,pump_sprayer,sprayers_bottles,pump_sprayer,application_method: not applicable for sprayers_bottles/pump_sprayer
phase3c,phase3c-20450-application_method-49,20450,application_method,both,sprayers_bottles,pump_sprayer,sprayers_bottles,pump_sprayer,application_method: not applicable for sprayers_bottles/pump_sprayer
phase3c,phase3c-21746-skill_level-51,21746,skill_level,pro,sprayers_bottles,foaming_pump_sprayer,sprayers_bottles,foaming_pump_sprayer,skill_level: not applicable for sprayers_bottles/foaming_pump_sprayer
phase3c,phase3c-21746-application_method-53,21746,application_method,machine,sprayers_bottles,foaming_pump_sprayer,sprayers_bottles,foaming_pump_sprayer,application_method: not applicable for sprayers_bottles/foaming_pump_sprayer
phase3c,phase3c-21746-rinse_required-54,21746,rinse_required,True,sprayers_bottles,foaming_pump_sprayer,sprayers_bottles,foaming_pump_sprayer,rinse_required: not applicable for sprayers_bottles/foaming_pump_sprayer
phase3c,phase3c-23822-application_method-56,23822,application_method,machine,sprayers_bottles,pump_sprayer,sprayers_bottles,pump_sprayer,application_method: not applicable for sprayers_bottles/pump_sprayer
phase3c,phase3c-23841-skill_level-57,23841,skill_level,pro,sprayers_bottles,foaming_pump_sprayer,sprayers_bottles,foaming_pump_sprayer,skill_level: not applicable for sprayers_bottles/foaming_pump_sprayer
phase3c,phase3c-23841-application_method-59,23841,application_method,machine,sprayers_bottles,foaming_pump_sprayer,sprayers_bottles,foaming_pump_sprayer,application_method: not applicable for sprayers_bottles/foaming_pump_sprayer
phase3c,phase3c-24952-skill_level-61,24952,skill_level,pro,sprayers_bottles,trigger_sprayer,sprayers_bottles,trigger_sprayer,skill_level: not applicable for sprayers_bottles/trigger_sprayer
phase3c,phase3c-24952-application_method-62,24952,application_method,both,sprayers_bottles,trigger_sprayer,sprayers_bottles,trigger_sprayer,application_method: not applicable for sprayers_bottles/trigger_sprayer
phase3c,phase3c-24952-rinse_required-63,24952,rinse_required,True,sprayers_bottles,trigger_sprayer,sprayers_bottles,trigger_sprayer,rinse_required: not applicable for sprayers_bottles/trigger_sprayer
phase3c,phase3c-26005-skill_level-65,26005,skill_level,pro,sprayers_bottles,pump_sprayer,sprayers_bottles,pump_sprayer,skill_level: not applicable for sprayers_bottles/pump_sprayer
phase3c,phase3c-26005-application_method-67,26005,application_method,both,sprayers_bottles,pump_sprayer,sprayers_bottles,pump_sprayer,application_method: not applicable for sprayers_bottles/pump_sprayer
phase3c,phase3c-26005-rinse_required-68,26005,rinse_required,True,sprayers_bottles,pump_sprayer,sprayers_bottles,pump_sprayer,rinse_required: not applicable for sprayers_bottles/pump_sprayer
phase3c,phase3c-26900.223.003-application_method-69,26900.223.003,application_method,machine,polishing_pad,foam_pad,polishing_pad,foam_pad,application_method: not applicable for polishing_pad/foam_pad
phase3c,phase3c-26900.223.010-skill_level-70,26900.223.010,skill_level,pro,polishing_pad,foam_pad,polishing_pad,foam_pad,skill_level: not applicable for polishing_pad/foam_pad
phase3c,phase3c-26900.223.010-application_method-72,26900.223.010,application_method,machine,polishing_pad,foam_pad,polishing_pad,foam_pad,application_method: not applicable for polishing_pad/foam_pad
phase3c,phase3c-26900.223.011-skill_level-73,26900.223.011,skill_level,pro,polishing_pad,foam_pad,polishing_pad,foam_pad,skill_level: not applicable for polishing_pad/foam_pad
phase3c,phase3c-26900.223.011-application_method-75,26900.223.011,application_method,machine,polishing_pad,foam_pad,polishing_pad,foam_pad,application_method: not applicable for polishing_pad/foam_pad
phase3c,phase3c-26900.223.012-skill_level-76,26900.223.012,skill_level,pro,polishing_pad,foam_pad,polishing_pad,foam_pad,skill_level: not applicable for polishing_pad/foam_pad
phase3c,phase3c-26900.223.012-application_method-77,26900.223.012,application_method,machine,polishing_pad,foam_pad,polishing_pad,foam_pad,application_method: not applicable for polishing_pad/foam_pad
phase3c,phase3c-26900.224.010-application_method-79,26900.224.010,application_method,machine,polishing_pad,foam_pad,polishing_pad,foam_pad,application_method: not applicable for polishing_pad/foam_pad
phase3c,phase3c-26900.224.011-application_method-81,26900.224.011,application_method,machine,polishing_pad,foam_pad,polishing_pad,foam_pad,application_method: not applicable for polishing_pad/foam_pad
phase3c,phase3c-26900.224.012-application_method-83,26900.224.012,application_method,machine,polishing_pad,foam_pad,polishing_pad,foam_pad,application_method: not applicable for polishing_pad/foam_pad
phase3c,phase3c-26907.099.001-skill_level-84,26907.099.001,skill_level,pro,polishing_pad,foam_pad,polishing_pad,foam_pad,skill_level: not applicable for polishing_pad/foam_pad
phase3c,phase3c-26907.099.001-application_method-86,26907.099.001,application_method,machine,polishing_pad,foam_pad,polishing_pad,foam_pad,application_method: not applicable for polishing_pad/foam_pad
phase3c,phase3c-26908.099.001-application_method-88,26908.099.001,application_method,machine,polishing_pad,foam_pad,polishing_pad,foam_pad,application_method: not applicable for polishing_pad/foam_pad
phase3c,phase3c-26909.099.001-application_method-90,26909.099.001,application_method,machine,polishing_pad,foam_pad,polishing_pad,foam_pad,application_method: not applicable for polishing_pad/foam_pad
phase3c,phase3c-26913.099.001-application_method-92,26913.099.001,application_method,machine,polishing_pad,wool_pad,polishing_pad,wool_pad,application_method: not applicable for polishing_pad/wool_pad
phase3c,phase3c-26915.099.001-application_method-94,26915.099.001,application_method,machine,polishing_pad,wool_pad,polishing_pad,wool_pad,application_method: not applicable for polishing_pad/wool_pad
phase3c,phase3c-26931.099.001-application_method-96,26931.099.001,application_method,machine,spare_part,backing_plate,spare_part,backing_plate,application_method: not applicable for spare_part/backing_plate
phase3c,phase3c-26934.099.001-application_method-98,26934.099.001,application_method,machine,spare_part,backing_plate,spare_part,backing_plate,application_method: not applicable for spare_part/backing_plate
phase3c,phase3c-26935.099.001-application_method-100,26935.099.001,application_method,machine,spare_part,backing_plate,spare_part,backing_plate,application_method: not applicable for spare_part/backing_plate
phase3c,phase3c-336807-skill_level-101,336807,skill_level,pro,spare_part,carbon_brush,spare_part,carbon_brush,skill_level: not applicable for spare_part/carbon_brush
phase3c,phase3c-336807-application_method-103,336807,application_method,machine,spare_part,carbon_brush,spare_part,carbon_brush,application_method: not applicable for spare_part/carbon_brush
phase3c,phase3c-399647-skill_level-104,399647,skill_level,pro,spare_part,carbon_brush,spare_part,carbon_brush,skill_level: not applicable for spare_part/carbon_brush
phase3c,phase3c-399647-application_method-106,399647,application_method,machine,spare_part,carbon_brush,spare_part,carbon_brush,application_method: not applicable for spare_part/carbon_brush
phase3c,phase3c-405418-application_method-110,405418,application_method,machine,storage_accessories,vacuum_cleaner,storage_accessories,vacuum_cleaner,application_method: not applicable for storage_accessories/vacuum_cleaner
phase3c,phase3c-417882-skill_level-111,417882,skill_level,pro,spare_part,charger,spare_part,charger,skill_level: not applicable for spare_part/charger
phase3c,phase3c-417882-application_method-113,417882,application_method,machine,spare_part,charger,spare_part,charger,application_method: not applicable for spare_part/charger
phase3c,phase3c-418072-durability_months-114,418072,durability_months,24,polisher_machine,forced_rotation_polisher,polisher_machine,dual_action_polisher,durability_months: not applicable for polisher_machine/dual_action_polisher
phase3c,phase3c-418072-application_method-117,418072,application_method,machine,polisher_machine,forced_rotation_polisher,polisher_machine,dual_action_polisher,application_method: not applicable for polisher_machine/dual_action_polisher
phase3c,phase3c-418080-application_method-120,418080,application_method,machine,polisher_machine,da_polisher,polisher_machine,orbital,application_method: not applicable for polisher_machine/orbital
phase3c,phase3c-418102-application_method-123,418102,application_method,machine,polisher_machine,mini_cordless_polisher,polisher_machine,dual_action_polisher,application_method: not applicable for polisher_machine/dual_action_polisher
phase3c,phase3c-445894-skill_level-124,445894,skill_level,pro,spare_part,battery,spare_part,battery,skill_level: not applicable for spare_part/battery
phase3c,phase3c-445894-application_method-126,445894,application_method,machine,spare_part,battery,spare_part,battery,application_method: not applicable for spare_part/battery
phase3c,phase3c-447129-application_method-129,447129,application_method,machine,polisher_machine,da_polisher,polisher_machine,orbital,application_method: not applicable for polisher_machine/orbital
phase3c,phase3c-458813-skill_level-130,458813,skill_level,pro,spare_part,extension_kit,spare_part,extension_kit,skill_level: not applicable for spare_part/extension_kit
phase3c,phase3c-458813-application_method-132,458813,application_method,machine,spare_part,extension_kit,spare_part,extension_kit,application_method: not applicable for spare_part/extension_kit
phase3c,phase3c-463302-application_method-135,463302,application_method,machine,storage_accessories,work_light,storage_accessories,work_light,application_method: not applicable for storage_accessories/work_light
phase3c,phase3c-481491-skill_level-137,481491,skill_level,pro,storage_accessories,vacuum_cleaner,storage_accessories,vacuum_cleaner,skill_level: not applicable for storage_accessories/vacuum_cleaner
phase3c,phase3c-481491-application_method-139,481491,application_method,machine,storage_accessories,vacuum_cleaner,storage_accessories,vacuum_cleaner,application_method: not applicable for storage_accessories/vacuum_cleaner
phase3c,phase3c-486728-skill_level-140,486728,skill_level,pro,storage_accessories,work_light,storage_accessories,work_light,skill_level: not applicable for storage_accessories/work_light
phase3c,phase3c-486728-application_method-142,486728,application_method,machine,storage_accessories,work_light,storage_accessories,work_light,application_method: not applicable for storage_accessories/work_light
phase3c,phase3c-487988-skill_level-143,487988,skill_level,pro,spare_part,backing_plate,spare_part,backing_plate,skill_level: not applicable for spare_part/backing_plate
phase3c,phase3c-487988-application_method-145,487988,application_method,machine,spare_part,backing_plate,spare_part,backing_plate,application_method: not applicable for spare_part/backing_plate
phase3c,phase3c-492361-skill_level-146,492361,skill_level,pro,spare_part,backing_plate,spare_part,backing_plate,skill_level: not applicable for spare_part/backing_plate
phase3c,phase3c-492361-application_method-148,492361,application_method,machine,spare_part,backing_plate,spare_part,backing_plate,application_method: not applicable for spare_part/backing_plate
phase3c,phase3c-502561-skill_level-150,502561,skill_level,pro,storage_accessories,bag_carrier,storage_accessories,bag_carrier,skill_level: not applicable for storage_accessories/bag_carrier
phase3c,phase3c-502561-application_method-151,502561,application_method,machine,storage_accessories,bag_carrier,storage_accessories,bag_carrier,application_method: not applicable for storage_accessories/bag_carrier
phase3c,phase3c-513547-01-application_method-154,513547-01,application_method,machine,polisher_machine,mini_cordless_polisher,accessory,tool_kit,application_method: not applicable for accessory/tool_kit
phase3c,phase3c-513547-skill_level-155,513547,skill_level,pro,polisher_machine,machine_kit,polisher_machine,machine_kit,skill_level: not applicable for polisher_machine/machine_kit
phase3c,phase3c-513547-application_method-157,513547,application_method,machine,polisher_machine,machine_kit,polisher_machine,machine_kit,application_method: not applicable for polisher_machine/machine_kit
phase3c,phase3c-530375-skill_level-158,530375,skill_level,pro,storage_accessories,work_light,storage_accessories,work_light,skill_level: not applicable for storage_accessories/work_light
phase3c,phase3c-530375-application_method-160,530375,application_method,machine,storage_accessories,work_light,storage_accessories,work_light,application_method: not applicable for storage_accessories/work_light
phase3c,phase3c-530882-skill_level-161,530882,skill_level,pro,storage_accessories,wall_stand,storage_accessories,wall_stand,skill_level: not applicable for storage_accessories/wall_stand
phase3c,phase3c-530882-application_method-163,530882,application_method,machine,storage_accessories,wall_stand,storage_accessories,wall_stand,application_method: not applicable for storage_accessories/wall_stand
phase3c,phase3c-530883-skill_level-164,530883,skill_level,pro,storage_accessories,wall_stand,storage_accessories,wall_stand,skill_level: not applicable for storage_accessories/wall_stand
phase3c,phase3c-530883-application_method-166,530883,application_method,machine,storage_accessories,wall_stand,storage_accessories,wall_stand,application_method: not applicable for storage_accessories/wall_stand
phase3c,phase3c-532024-skill_level-168,532024,skill_level,pro,storage_accessories,vacuum_cleaner,storage_accessories,vacuum_cleaner,skill_level: not applicable for storage_accessories/vacuum_cleaner
phase3c,phase3c-532024-application_method-170,532024,application_method,machine,storage_accessories,vacuum_cleaner,storage_accessories,vacuum_cleaner,application_method: not applicable for storage_accessories/vacuum_cleaner
phase3c,phase3c-533019-application_method-173,533019,application_method,machine,polisher_machine,cordless_rotary_polisher,polisher_machine,rotary,application_method: not applicable for polisher_machine/rotary
phase3c,phase3c-533020-application_method-176,533020,application_method,machine,polisher_machine,forced_rotation_polisher,polisher_machine,dual_action_polisher,application_method: not applicable for polisher_machine/dual_action_polisher
phase3c,phase3c-533021-application_method-179,533021,application_method,machine,polisher_machine,da_polisher,polisher_machine,orbital,application_method: not applicable for polisher_machine/orbital
phase3c,phase3c-700743-application_method-181,700743,application_method,machine,sprayers_bottles,pump_sprayer,sprayers_bottles,pump_sprayer,application_method: not applicable for sprayers_bottles/pump_sprayer
phase3c,phase3c-701908-application_method-183,701908,application_method,machine,tire_care,tire_gel,tire_care,tire_dressing,application_method: not applicable for tire_care/tire_dressing
phase3c,phase3c-701908-outdoor_use-184,701908,outdoor_use,True,tire_care,tire_gel,tire_care,tire_dressing,outdoor_use: not applicable for tire_care/tire_dressing
phase3c,phase3c-70868-dwell_time_minutes-185,70868,dwell_time_minutes,10,tire_care,tire_dressing,tire_care,tire_dressing,dwell_time_minutes: not applicable for tire_care/tire_dressing
phase3c,phase3c-70868-skill_level-186,70868,skill_level,pro,tire_care,tire_dressing,tire_care,tire_dressing,skill_level: not applicable for tire_care/tire_dressing
phase3c,phase3c-70868-application_method-187,70868,application_method,both,tire_care,tire_dressing,tire_care,tire_dressing,application_method: not applicable for tire_care/tire_dressing
phase3c,phase3c-70868-outdoor_use-188,70868,outdoor_use,True,tire_care,tire_dressing,tire_care,tire_dressing,outdoor_use: not applicable for tire_care/tire_dressing
phase3c,phase3c-71706-application_method-190,71706,application_method,machine,tire_care,tire_dressing,tire_care,tire_dressing,application_method: not applicable for tire_care/tire_dressing
phase3c,phase3c-75138-skill_level-191,75138,skill_level,pro,tire_care,tire_gel,tire_care,tire_dressing,skill_level: not applicable for tire_care/tire_dressing
phase3c,phase3c-75138-application_method-193,75138,application_method,both,tire_care,tire_gel,tire_care,tire_dressing,application_method: not applicable for tire_care/tire_dressing
phase3c,phase3c-75140-skill_level-195,75140,skill_level,pro,tire_care,tire_dressing,tire_care,tire_dressing,skill_level: not applicable for tire_care/tire_dressing
phase3c,phase3c-75140-application_method-197,75140,application_method,both,tire_care,tire_dressing,tire_care,tire_dressing,application_method: not applicable for tire_care/tire_dressing
phase3c,phase3c-79258-skill_level-198,79258,skill_level,pro,spare_part,trigger_head,spare_part,trigger_head,skill_level: not applicable for spare_part/trigger_head
phase3c,phase3c-79258-application_method-199,79258,application_method,machine,spare_part,trigger_head,spare_part,trigger_head,application_method: not applicable for spare_part/trigger_head
phase3c,phase3c-79472-skill_level-200,79472,skill_level,pro,storage_accessories,bucket_accessories,storage_accessories,wash_accessory,skill_level: not applicable for storage_accessories/wash_accessory
phase3c,phase3c-79472-application_method-202,79472,application_method,machine,storage_accessories,bucket_accessories,storage_accessories,wash_accessory,application_method: not applicable for storage_accessories/wash_accessory
phase3c,phase3c-79472-pre_coating_safe-203,79472,pre_coating_safe,True,storage_accessories,bucket_accessories,storage_accessories,wash_accessory,pre_coating_safe: not applicable for storage_accessories/wash_accessory
phase3c,phase3c-79586-643-skill_level-205,79586-643,skill_level,pro,sprayers_bottles,trigger_sprayer,sprayers_bottles,trigger_sprayer,skill_level: not applicable for sprayers_bottles/trigger_sprayer
phase3c,phase3c-79586-643-application_method-207,79586-643,application_method,both,sprayers_bottles,trigger_sprayer,sprayers_bottles,trigger_sprayer,application_method: not applicable for sprayers_bottles/trigger_sprayer
phase3c,phase3c-79586-643-rinse_required-208,79586-643,rinse_required,True,sprayers_bottles,trigger_sprayer,sprayers_bottles,trigger_sprayer,rinse_required: not applicable for sprayers_bottles/trigger_sprayer
phase3c,phase3c-79586-644-application_method-210,79586-644,application_method,both,sprayers_bottles,trigger_sprayer,sprayers_bottles,trigger_sprayer,application_method: not applicable for sprayers_bottles/trigger_sprayer
phase3c,phase3c-79587-643-skill_level-212,79587-643,skill_level,pro,sprayers_bottles,trigger_sprayer,sprayers_bottles,trigger_sprayer,skill_level: not applicable for sprayers_bottles/trigger_sprayer
phase3c,phase3c-79587-643-application_method-214,79587-643,application_method,both,sprayers_bottles,trigger_sprayer,sprayers_bottles,trigger_sprayer,application_method: not applicable for sprayers_bottles/trigger_sprayer
phase3c,phase3c-79587-643-rinse_required-215,79587-643,rinse_required,True,sprayers_bottles,trigger_sprayer,sprayers_bottles,trigger_sprayer,rinse_required: not applicable for sprayers_bottles/trigger_sprayer
phase3c,phase3c-79587-644-application_method-217,79587-644,application_method,both,sprayers_bottles,trigger_sprayer,sprayers_bottles,trigger_sprayer,application_method: not applicable for sprayers_bottles/trigger_sprayer
phase3c,phase3c-79588-643-skill_level-219,79588-643,skill_level,pro,sprayers_bottles,trigger_sprayer,sprayers_bottles,trigger_sprayer,skill_level: not applicable for sprayers_bottles/trigger_sprayer
phase3c,phase3c-79588-643-application_method-221,79588-643,application_method,both,sprayers_bottles,trigger_sprayer,sprayers_bottles,trigger_sprayer,application_method: not applicable for sprayers_bottles/trigger_sprayer
phase3c,phase3c-79588-643-rinse_required-222,79588-643,rinse_required,True,sprayers_bottles,trigger_sprayer,sprayers_bottles,trigger_sprayer,rinse_required: not applicable for sprayers_bottles/trigger_sprayer
phase3c,phase3c-79588-644-application_method-224,79588-644,application_method,both,sprayers_bottles,trigger_sprayer,sprayers_bottles,trigger_sprayer,application_method: not applicable for sprayers_bottles/trigger_sprayer
phase3c,phase3c-79643-skill_level-226,79643,skill_level,pro,spare_part,trigger_head,spare_part,trigger_head,skill_level: not applicable for spare_part/trigger_head
phase3c,phase3c-79643-application_method-228,79643,application_method,both,spare_part,trigger_head,spare_part,trigger_head,application_method: not applicable for spare_part/trigger_head
phase3c,phase3c-79643-rinse_required-229,79643,rinse_required,True,spare_part,trigger_head,spare_part,trigger_head,rinse_required: not applicable for spare_part/trigger_head
phase3c,phase3c-81671901-skill_level-230,81671901,skill_level,pro,sprayers_bottles,pump_sprayer,sprayers_bottles,pump_sprayer,skill_level: not applicable for sprayers_bottles/pump_sprayer
phase3c,phase3c-81671901-application_method-231,81671901,application_method,both,sprayers_bottles,pump_sprayer,sprayers_bottles,pump_sprayer,application_method: not applicable for sprayers_bottles/pump_sprayer
phase3c,phase3c-81675-skill_level-233,81675,skill_level,pro,sprayers_bottles,pump_sprayer,sprayers_bottles,pump_sprayer,skill_level: not applicable for sprayers_bottles/pump_sprayer
phase3c,phase3c-81675-application_method-235,81675,application_method,machine,sprayers_bottles,pump_sprayer,sprayers_bottles,pump_sprayer,application_method: not applicable for sprayers_bottles/pump_sprayer
phase3c,phase3c-81676800-skill_level-236,81676800,skill_level,pro,spare_part,maintenance_kit,spare_part,maintenance_kit,skill_level: not applicable for spare_part/maintenance_kit
phase3c,phase3c-81676800-application_method-237,81676800,application_method,machine,spare_part,maintenance_kit,spare_part,maintenance_kit,application_method: not applicable for spare_part/maintenance_kit
phase3c,phase3c-81678-application_temperature_min_c-238,81678,application_temperature_min_c,5,sprayers_bottles,foaming_pump_sprayer,sprayers_bottles,foaming_pump_sprayer,application_temperature_min_c: not applicable for sprayers_bottles/foaming_pump_sprayer
phase3c,phase3c-81678-application_temperature_max_c-239,81678,application_temperature_max_c,30,sprayers_bottles,foaming_pump_sprayer,sprayers_bottles,foaming_pump_sprayer,application_temperature_max_c: not applicable for sprayers_bottles/foaming_pump_sprayer
phase3c,phase3c-81678-skill_level-241,81678,skill_level,pro,sprayers_bottles,foaming_pump_sprayer,sprayers_bottles,foaming_pump_sprayer,skill_level: not applicable for sprayers_bottles/foaming_pump_sprayer
phase3c,phase3c-81678-application_method-243,81678,application_method,both,sprayers_bottles,foaming_pump_sprayer,sprayers_bottles,foaming_pump_sprayer,application_method: not applicable for sprayers_bottles/foaming_pump_sprayer
phase3c,phase3c-81686-skill_level-245,81686,skill_level,pro,sprayers_bottles,foaming_pump_sprayer,sprayers_bottles,foaming_pump_sprayer,skill_level: not applicable for sprayers_bottles/foaming_pump_sprayer
phase3c,phase3c-81686-application_method-247,81686,application_method,machine,sprayers_bottles,foaming_pump_sprayer,sprayers_bottles,foaming_pump_sprayer,application_method: not applicable for sprayers_bottles/foaming_pump_sprayer
phase3c,phase3c-81771871-skill_level-248,81771871,skill_level,pro,spare_part,nozzle_kit,spare_part,nozzle,skill_level: not applicable for spare_part/nozzle
phase3c,phase3c-81771871-application_method-249,81771871,application_method,machine,spare_part,nozzle_kit,spare_part,nozzle,application_method: not applicable for spare_part/nozzle
phase3c,phase3c-81771874-skill_level-250,81771874,skill_level,pro,spare_part,maintenance_kit,spare_part,maintenance_kit,skill_level: not applicable for spare_part/maintenance_kit
phase3c,phase3c-81771874-application_method-251,81771874,application_method,machine,spare_part,maintenance_kit,spare_part,maintenance_kit,application_method: not applicable for spare_part/maintenance_kit
phase3c,phase3c-81773-application_method-253,81773,application_method,machine,sprayers_bottles,pump_sprayer,sprayers_bottles,pump_sprayer,application_method: not applicable for sprayers_bottles/pump_sprayer
phase3c,phase3c-81774-skill_level-255,81774,skill_level,pro,sprayers_bottles,pump_sprayer,sprayers_bottles,pump_sprayer,skill_level: not applicable for sprayers_bottles/pump_sprayer
phase3c,phase3c-81774-application_method-257,81774,application_method,machine,sprayers_bottles,pump_sprayer,sprayers_bottles,pump_sprayer,application_method: not applicable for sprayers_bottles/pump_sprayer
phase3c,phase3c-81776-application_method-260,81776,application_method,machine,sprayers_bottles,foaming_pump_sprayer,sprayers_bottles,foaming_pump_sprayer,application_method: not applicable for sprayers_bottles/foaming_pump_sprayer
phase3c,phase3c-81777-application_method-262,81777,application_method,machine,sprayers_bottles,pump_sprayer,sprayers_bottles,pump_sprayer,application_method: not applicable for sprayers_bottles/pump_sprayer
phase3c,phase3c-81781-application_method-265,81781,application_method,machine,sprayers_bottles,pump_sprayer,sprayers_bottles,pump_sprayer,application_method: not applicable for sprayers_bottles/pump_sprayer
phase3c,phase3c-82671836-skill_level-266,82671836,skill_level,pro,spare_part,hose,spare_part,hose,skill_level: not applicable for spare_part/hose
phase3c,phase3c-82671836-application_method-267,82671836,application_method,both,spare_part,hose,spare_part,hose,application_method: not applicable for spare_part/hose
phase3c,phase3c-82671872-skill_level-268,82671872,skill_level,pro,spare_part,handle,spare_part,handle,skill_level: not applicable for spare_part/handle
phase3c,phase3c-82671872-application_method-269,82671872,application_method,machine,spare_part,handle,spare_part,handle,application_method: not applicable for spare_part/handle
phase3c,phase3c-82671874-skill_level-270,82671874,skill_level,pro,spare_part,maintenance_kit,spare_part,maintenance_kit,skill_level: not applicable for spare_part/maintenance_kit
phase3c,phase3c-82671874-application_method-271,82671874,application_method,machine,spare_part,maintenance_kit,spare_part,maintenance_kit,application_method: not applicable for spare_part/maintenance_kit
phase3c,phase3c-82672-application_temperature_min_c-272,82672,application_temperature_min_c,5,sprayers_bottles,pump_sprayer,sprayers_bottles,pump_sprayer,application_temperature_min_c: not applicable for sprayers_bottles/pump_sprayer
phase3c,phase3c-82672-application_temperature_max_c-273,82672,application_temperature_max_c,30,sprayers_bottles,pump_sprayer,sprayers_bottles,pump_sprayer,application_temperature_max_c: not applicable for sprayers_bottles/pump_sprayer
phase3c,phase3c-82672-skill_level-275,82672,skill_level,pro,sprayers_bottles,pump_sprayer,sprayers_bottles,pump_sprayer,skill_level: not applicable for sprayers_bottles/pump_sprayer
phase3c,phase3c-82672-application_method-277,82672,application_method,machine,sprayers_bottles,pump_sprayer,sprayers_bottles,pump_sprayer,application_method: not applicable for sprayers_bottles/pump_sprayer
phase3c,phase3c-82672-indoor_use-278,82672,indoor_use,True,sprayers_bottles,pump_sprayer,sprayers_bottles,pump_sprayer,indoor_use: not applicable for sprayers_bottles/pump_sprayer
phase3c,phase3c-82672-rinse_required-279,82672,rinse_required,True,sprayers_bottles,pump_sprayer,sprayers_bottles,pump_sprayer,rinse_required: not applicable for sprayers_bottles/pump_sprayer
phase3c,phase3c-82676-skill_level-281,82676,skill_level,pro,sprayers_bottles,foaming_pump_sprayer,sprayers_bottles,foaming_pump_sprayer,skill_level: not applicable for sprayers_bottles/foaming_pump_sprayer
phase3c,phase3c-82676-application_method-282,82676,application_method,machine,sprayers_bottles,foaming_pump_sprayer,sprayers_bottles,foaming_pump_sprayer,application_method: not applicable for sprayers_bottles/foaming_pump_sprayer
phase3c,phase3c-82679-skill_level-284,82679,skill_level,pro,sprayers_bottles,pump_sprayer,sprayers_bottles,pump_sprayer,skill_level: not applicable for sprayers_bottles/pump_sprayer
phase3c,phase3c-82679-application_method-286,82679,application_method,machine,sprayers_bottles,pump_sprayer,sprayers_bottles,pump_sprayer,application_method: not applicable for sprayers_bottles/pump_sprayer
phase3c,phase3c-83371-application_temperature_min_c-287,83371,application_temperature_min_c,5,sprayers_bottles,pump_sprayer,sprayers_bottles,pump_sprayer,application_temperature_min_c: not applicable for sprayers_bottles/pump_sprayer
phase3c,phase3c-83371-application_temperature_max_c-288,83371,application_temperature_max_c,30,sprayers_bottles,pump_sprayer,sprayers_bottles,pump_sprayer,application_temperature_max_c: not applicable for sprayers_bottles/pump_sprayer
phase3c,phase3c-83371-skill_level-290,83371,skill_level,pro,sprayers_bottles,pump_sprayer,sprayers_bottles,pump_sprayer,skill_level: not applicable for sprayers_bottles/pump_sprayer
phase3c,phase3c-83371-application_method-292,83371,application_method,machine,sprayers_bottles,pump_sprayer,sprayers_bottles,pump_sprayer,application_method: not applicable for sprayers_bottles/pump_sprayer
phase3c,phase3c-83371-rinse_required-293,83371,rinse_required,True,sprayers_bottles,pump_sprayer,sprayers_bottles,pump_sprayer,rinse_required: not applicable for sprayers_bottles/pump_sprayer
phase3c,phase3c-83371816-skill_level-294,83371816,skill_level,pro,spare_part,trigger_gun,spare_part,trigger_head,skill_level: not applicable for spare_part/trigger_head
phase3c,phase3c-83371816-application_method-296,83371816,application_method,machine,spare_part,trigger_gun,spare_part,trigger_head,application_method: not applicable for spare_part/trigger_head
phase3c,phase3c-83371836-skill_level-297,83371836,skill_level,pro,spare_part,hose,spare_part,hose,skill_level: not applicable for spare_part/hose
phase3c,phase3c-83371836-application_method-299,83371836,application_method,machine,spare_part,hose,spare_part,hose,application_method: not applicable for spare_part/hose
phase3c,phase3c-8410-skill_level-300,8410,skill_level,pro,spare_part,trigger_head,spare_part,trigger_head,skill_level: not applicable for spare_part/trigger_head
phase3c,phase3c-8410-application_method-302,8410,application_method,both,spare_part,trigger_head,spare_part,trigger_head,application_method: not applicable for spare_part/trigger_head
phase3c,phase3c-84170-skill_level-304,84170,skill_level,pro,sprayers_bottles,trigger_sprayer,sprayers_bottles,trigger_sprayer,skill_level: not applicable for sprayers_bottles/trigger_sprayer
phase3c,phase3c-84170-application_method-306,84170,application_method,both,sprayers_bottles,trigger_sprayer,sprayers_bottles,trigger_sprayer,application_method: not applicable for sprayers_bottles/trigger_sprayer
phase3c,phase3c-84173-skill_level-308,84173,skill_level,pro,sprayers_bottles,trigger_sprayer,sprayers_bottles,trigger_sprayer,skill_level: not applicable for sprayers_bottles/trigger_sprayer
phase3c,phase3c-84173-application_method-309,84173,application_method,both,sprayers_bottles,trigger_sprayer,sprayers_bottles,trigger_sprayer,application_method: not applicable for sprayers_bottles/trigger_sprayer
phase3c,phase3c-84174-skill_level-311,84174,skill_level,pro,sprayers_bottles,trigger_sprayer,sprayers_bottles,trigger_sprayer,skill_level: not applicable for sprayers_bottles/trigger_sprayer
phase3c,phase3c-84174-application_method-313,84174,application_method,both,sprayers_bottles,trigger_sprayer,sprayers_bottles,trigger_sprayer,application_method: not applicable for sprayers_bottles/trigger_sprayer
phase3c,phase3c-84177-skill_level-315,84177,skill_level,pro,sprayers_bottles,trigger_sprayer,sprayers_bottles,trigger_sprayer,skill_level: not applicable for sprayers_bottles/trigger_sprayer
phase3c,phase3c-84177-application_method-317,84177,application_method,both,sprayers_bottles,trigger_sprayer,sprayers_bottles,trigger_sprayer,application_method: not applicable for sprayers_bottles/trigger_sprayer
phase3c,phase3c-8447-skill_level-318,8447,skill_level,pro,spare_part,trigger_head,spare_part,trigger_head,skill_level: not applicable for spare_part/trigger_head
phase3c,phase3c-8447-application_method-320,8447,application_method,both,spare_part,trigger_head,spare_part,trigger_head,application_method: not applicable for spare_part/trigger_head
phase3c,phase3c-BUR060-application_method-321,BUR060,application_method,machine,polishing_pad,foam_pad,polishing_pad,foam_pad,application_method: not applicable for polishing_pad/foam_pad
phase3c,phase3c-DOR150F-C-application_method-322,DOR150F-C,application_method,machine,polishing_pad,foam_pad,polishing_pad,foam_pad,application_method: not applicable for polishing_pad/foam_pad
phase3c,phase3c-DOR160F-application_method-323,DOR160F,application_method,machine,polishing_pad,foam_pad,polishing_pad,foam_pad,application_method: not applicable for polishing_pad/foam_pad
phase3c,phase3c-GE180F-C-application_method-325,GE180F-C,application_method,machine,polishing_pad,foam_pad,polishing_pad,foam_pad,application_method: not applicable for polishing_pad/foam_pad
phase3c,phase3c-GPRO060-application_method-326,GPRO060,application_method,machine,polishing_pad,foam_pad,polishing_pad,foam_pad,application_method: not applicable for polishing_pad/foam_pad
phase3c,phase3c-GPRO180F-C-application_method-327,GPRO180F-C,application_method,machine,polishing_pad,foam_pad,polishing_pad,foam_pad,application_method: not applicable for polishing_pad/foam_pad
phase3c,phase3c-GPRO200F-application_method-328,GPRO200F,application_method,machine,polishing_pad,foam_pad,polishing_pad,foam_pad,application_method: not applicable for polishing_pad/foam_pad
phase3c,phase3c-GPRO6555-application_method-329,GPRO6555,application_method,machine,polisher_machine,mini_cordless_polisher,polishing_pad,foam_pad,application_method: not applicable for polishing_pad/foam_pad
phase3c,phase3c-GRY180F-C-application_method-330,GRY180F-C,application_method,machine,polishing_pad,foam_pad,polishing_pad,foam_pad,application_method: not applicable for polishing_pad/foam_pad
phase3c,phase3c-GRY200F-application_method-331,GRY200F,application_method,machine,polishing_pad,foam_pad,polishing_pad,foam_pad,application_method: not applicable for polishing_pad/foam_pad
phase3c,phase3c-GRY6555-application_method-332,GRY6555,application_method,machine,polishing_pad,foam_pad,polishing_pad,foam_pad,application_method: not applicable for polishing_pad/foam_pad
phase3c,phase3c-KLIN-3251BL-skill_level-333,KLIN-3251BL,skill_level,pro,storage_accessories,work_gear,storage_accessories,work_gear,skill_level: not applicable for storage_accessories/work_gear
phase3c,phase3c-KLIN-3251BL-application_method-335,KLIN-3251BL,application_method,machine,storage_accessories,work_gear,storage_accessories,work_gear,application_method: not applicable for storage_accessories/work_gear
phase3c,phase3c-KP160-22KL-application_method-336,KP160-22KL,application_method,machine,polishing_pad,wool_pad,polishing_pad,wool_pad,application_method: not applicable for polishing_pad/wool_pad
phase3c,phase3c-KP160-22L-application_method-337,KP160-22L,application_method,machine,polishing_pad,wool_pad,polishing_pad,wool_pad,application_method: not applicable for polishing_pad/wool_pad
phase3c,phase3c-NPMW6555-application_method-338,NPMW6555,application_method,machine,polishing_pad,microfiber_pad,polishing_pad,microfiber_pad,application_method: not applicable for polishing_pad/microfiber_pad
phase3c,phase3c-PPF-L500M-application_temperature_min_c-339,PPF-L500M,application_temperature_min_c,10,ppf_tools,ppf_install_solution,ppf_tools,ppf_install_solution,application_temperature_min_c: not applicable for ppf_tools/ppf_install_solution
phase3c,phase3c-PPF-L500M-application_temperature_max_c-340,PPF-L500M,application_temperature_max_c,30,ppf_tools,ppf_install_solution,ppf_tools,ppf_install_solution,application_temperature_max_c: not applicable for ppf_tools/ppf_install_solution
phase3c,phase3c-PPF-L500M-skill_level-342,PPF-L500M,skill_level,pro,ppf_tools,ppf_install_solution,ppf_tools,ppf_install_solution,skill_level: not applicable for ppf_tools/ppf_install_solution
phase3c,phase3c-PPF-L500M-application_method-343,PPF-L500M,application_method,machine,ppf_tools,ppf_install_solution,ppf_tools,ppf_install_solution,application_method: not applicable for ppf_tools/ppf_install_solution
phase3c,phase3c-PU140F-C-application_method-344,PU140F-C,application_method,machine,polishing_pad,foam_pad,polishing_pad,foam_pad,application_method: not applicable for polishing_pad/foam_pad
phase3c,phase3c-PU150F-C-application_method-345,PU150F-C,application_method,machine,polishing_pad,foam_pad,polishing_pad,foam_pad,application_method: not applicable for polishing_pad/foam_pad
phase3c,phase3c-Q2M-ES98M-skill_level-347,Q2M-ES98M,skill_level,pro,product_sets,experience_set,product_sets,experience_set,skill_level: not applicable for product_sets/experience_set
phase3c,phase3c-Q2M-ES98M-application_method-348,Q2M-ES98M,application_method,machine,product_sets,experience_set,product_sets,experience_set,application_method: not applicable for product_sets/experience_set
phase3c,phase3c-Q2M-KM-application_method-349,Q2M-KM,application_method,machine,storage_accessories,work_gear,storage_accessories,work_gear,application_method: not applicable for storage_accessories/work_gear
phase3c,phase3c-Q2M-P-DB300M-application_method-351,Q2M-P-DB300M,application_method,machine,sprayers_bottles,dispenser_bottle,sprayers_bottles,dispenser_bottle,application_method: not applicable for sprayers_bottles/dispenser_bottle
phase3c,phase3c-Q2M-PPFIK-application_method-354,Q2M-PPFIK,application_method,machine,ppf_tools,application_kit,ppf_tools,application_kit,application_method: not applicable for ppf_tools/application_kit
phase3c,phase3c-Q2M-PPFSL4000M-skill_level-355,Q2M-PPFSL4000M,skill_level,pro,ppf_tools,ppf_install_solution,ppf_tools,ppf_install_solution,skill_level: not applicable for ppf_tools/ppf_install_solution
phase3c,phase3c-Q2M-PPFSL4000M-application_method-357,Q2M-PPFSL4000M,application_method,both,ppf_tools,ppf_install_solution,ppf_tools,ppf_install_solution,application_method: not applicable for ppf_tools/ppf_install_solution
phase3c,phase3c-Q2M-SCOV-skill_level-358,Q2M-SCOV,skill_level,pro,storage_accessories,protective_cover,storage_accessories,protective_cover,skill_level: not applicable for storage_accessories/protective_cover
phase3c,phase3c-Q2M-SCOV-application_method-360,Q2M-SCOV,application_method,machine,storage_accessories,protective_cover,storage_accessories,protective_cover,application_method: not applicable for storage_accessories/protective_cover
phase3c,phase3c-Q2M-SCOV-indoor_use-361,Q2M-SCOV,indoor_use,True,storage_accessories,protective_cover,storage_accessories,protective_cover,indoor_use: not applicable for storage_accessories/protective_cover
phase3c,phase3c-Q2M-SWCOV-skill_level-362,Q2M-SWCOV,skill_level,pro,storage_accessories,protective_cover,storage_accessories,protective_cover,skill_level: not applicable for storage_accessories/protective_cover
phase3c,phase3c-Q2M-SWCOV-application_method-364,Q2M-SWCOV,application_method,machine,storage_accessories,protective_cover,storage_accessories,protective_cover,application_method: not applicable for storage_accessories/protective_cover
phase3c,phase3c-Q2M-SWCOV-indoor_use-365,Q2M-SWCOV,indoor_use,True,storage_accessories,protective_cover,storage_accessories,protective_cover,indoor_use: not applicable for storage_accessories/protective_cover
phase3c,phase3c-Q2M-TCYA1000M-application_method-367,Q2M-TCYA1000M,application_method,machine,tire_care,tire_cleaner,tire_care,tire_cleaner,application_method: not applicable for tire_care/tire_cleaner
phase3c,phase3c-Q2M-TEYA1000M-dwell_time_minutes-368,Q2M-TEYA1000M,dwell_time_minutes,5,tire_care,tire_gel,tire_care,tire_dressing,dwell_time_minutes: not applicable for tire_care/tire_dressing
phase3c,phase3c-Q2M-TEYA1000M-application_method-369,Q2M-TEYA1000M,application_method,machine,tire_care,tire_gel,tire_care,tire_dressing,application_method: not applicable for tire_care/tire_dressing
phase3c,phase3c-Q2M-TEYA1000M-rinse_required-370,Q2M-TEYA1000M,rinse_required,True,tire_care,tire_gel,tire_care,tire_dressing,rinse_required: not applicable for tire_care/tire_dressing
phase3c,phase3c-Q2M-WCS98M-skill_level-372,Q2M-WCS98M,skill_level,pro,product_sets,experience_set,product_sets,experience_set,skill_level: not applicable for product_sets/experience_set
phase3c,phase3c-RE180F-C-application_method-374,RE180F-C,application_method,machine,polishing_pad,foam_pad,polishing_pad,foam_pad,application_method: not applicable for polishing_pad/foam_pad
phase3c,phase3c-RE200F-application_method-375,RE200F,application_method,machine,polishing_pad,foam_pad,polishing_pad,foam_pad,application_method: not applicable for polishing_pad/foam_pad
phase3c,phase3c-SGGA081-skill_level-376,SGGA081,skill_level,pro,polishing_pad,felt_pad,polishing_pad,felt_pad,skill_level: not applicable for polishing_pad/felt_pad
phase3c,phase3c-SGGA081-application_method-378,SGGA081,application_method,both,polishing_pad,felt_pad,polishing_pad,felt_pad,application_method: not applicable for polishing_pad/felt_pad
phase3c,phase3c-SGGC055-application_method-379,SGGC055,application_method,machine,polisher_machine,other,accessory,tornador_gun,application_method: not applicable for accessory/tornador_gun
phase3c,phase3c-SGGC086-skill_level-380,SGGC086,skill_level,pro,polisher_machine,other,accessory,air_blow_gun,skill_level: not applicable for accessory/air_blow_gun
phase3c,phase3c-SGGC086-application_method-382,SGGC086,application_method,machine,polisher_machine,other,accessory,air_blow_gun,application_method: not applicable for accessory/air_blow_gun
phase3c,phase3c-SGGC086-indoor_use-383,SGGC086,indoor_use,True,polisher_machine,other,accessory,air_blow_gun,indoor_use: not applicable for accessory/air_blow_gun
phase3c,phase3c-SGGC091-skill_level-385,SGGC091,skill_level,pro,sprayers_bottles,foaming_pump_sprayer,sprayers_bottles,foaming_pump_sprayer,skill_level: not applicable for sprayers_bottles/foaming_pump_sprayer
phase3c,phase3c-SGGC091-application_method-386,SGGC091,application_method,machine,sprayers_bottles,foaming_pump_sprayer,sprayers_bottles,foaming_pump_sprayer,application_method: not applicable for sprayers_bottles/foaming_pump_sprayer
phase3c,phase3c-SGGC091-indoor_use-387,SGGC091,indoor_use,True,sprayers_bottles,foaming_pump_sprayer,sprayers_bottles,foaming_pump_sprayer,indoor_use: not applicable for sprayers_bottles/foaming_pump_sprayer
phase3c,phase3c-SGGD025-application_method-388,SGGD025,application_method,machine,storage_accessories,cart_trolley,storage_accessories,cart_trolley,application_method: not applicable for storage_accessories/cart_trolley
phase3c,phase3c-SGGD053-application_method-389,SGGD053,application_method,machine,spare_part,backing_plate,spare_part,backing_plate,application_method: not applicable for spare_part/backing_plate
phase3c,phase3c-SGGD135-application_method-392,SGGD135,application_method,machine,sprayers_bottles,foaming_pump_sprayer,sprayers_bottles,foaming_pump_sprayer,application_method: not applicable for sprayers_bottles/foaming_pump_sprayer
phase3c,phase3c-SGGD166-application_method-393,SGGD166,application_method,machine,spare_part,backing_plate,spare_part,backing_plate,application_method: not applicable for spare_part/backing_plate
phase3c,phase3c-SGGD175-skill_level-394,SGGD175,skill_level,pro,storage_accessories,bag_carrier,storage_accessories,bag_carrier,skill_level: not applicable for storage_accessories/bag_carrier
phase3c,phase3c-SGGD175-application_method-396,SGGD175,application_method,machine,storage_accessories,bag_carrier,storage_accessories,bag_carrier,application_method: not applicable for storage_accessories/bag_carrier
phase3c,phase3c-SGGD233-application_method-399,SGGD233,application_method,machine,storage_accessories,work_gear,storage_accessories,work_gear,application_method: not applicable for storage_accessories/work_gear
phase3c,phase3c-SGGD285-skill_level-400,SGGD285,skill_level,pro,storage_accessories,holder_clamp,storage_accessories,holder_clamp,skill_level: not applicable for storage_accessories/holder_clamp
phase3c,phase3c-SGGD285-application_method-402,SGGD285,application_method,machine,storage_accessories,holder_clamp,storage_accessories,holder_clamp,application_method: not applicable for storage_accessories/holder_clamp
phase3c,phase3c-SGGD289-skill_level-403,SGGD289,skill_level,pro,storage_accessories,holder_clamp,storage_accessories,holder_clamp,skill_level: not applicable for storage_accessories/holder_clamp
phase3c,phase3c-SGGD289-application_method-404,SGGD289,application_method,machine,storage_accessories,holder_clamp,storage_accessories,holder_clamp,application_method: not applicable for storage_accessories/holder_clamp
phase3c,phase3c-SGGD402-skill_level-406,SGGD402,skill_level,pro,storage_accessories,water_spray_gun,accessory,water_spray_gun,skill_level: not applicable for accessory/water_spray_gun
phase3c,phase3c-SGGD402-application_method-408,SGGD402,application_method,machine,storage_accessories,water_spray_gun,accessory,water_spray_gun,application_method: not applicable for accessory/water_spray_gun
phase3c,phase3c-SGGD402-outdoor_use-409,SGGD402,outdoor_use,True,storage_accessories,water_spray_gun,accessory,water_spray_gun,outdoor_use: not applicable for accessory/water_spray_gun
phase3c,phase3c-SGGD415-skill_level-410,SGGD415,skill_level,pro,storage_accessories,wall_stand,storage_accessories,wall_stand,skill_level: not applicable for storage_accessories/wall_stand
phase3c,phase3c-SGGD415-application_method-411,SGGD415,application_method,both,storage_accessories,wall_stand,storage_accessories,wall_stand,application_method: not applicable for storage_accessories/wall_stand
phase3c,phase3c-SGGD416-skill_level-412,SGGD416,skill_level,pro,storage_accessories,wall_stand,storage_accessories,wall_stand,skill_level: not applicable for storage_accessories/wall_stand
phase3c,phase3c-SGGD416-application_method-413,SGGD416,application_method,machine,storage_accessories,wall_stand,storage_accessories,wall_stand,application_method: not applicable for storage_accessories/wall_stand
phase3c,phase3c-SGGF179-application_method-414,SGGF179,application_method,machine,polisher_machine,corded_rotary_polisher,polisher_machine,rotary,application_method: not applicable for polisher_machine/rotary
phase3c,phase3c-SGGF181-57-skill_level-415,SGGF181-57,skill_level,pro,spare_part,backing_plate,spare_part,backing_plate,skill_level: not applicable for spare_part/backing_plate
phase3c,phase3c-SGGF181-57-application_method-417,SGGF181-57,application_method,machine,spare_part,backing_plate,spare_part,backing_plate,application_method: not applicable for spare_part/backing_plate
phase3c,phase3c-SGGF181-application_method-418,SGGF181,application_method,machine,polisher_machine,da_polisher,polisher_machine,orbital,application_method: not applicable for polisher_machine/orbital
phase3c,phase3c-SGGF273-application_method-421,SGGF273,application_method,machine,polisher_machine,mini_cordless_polisher,polisher_machine,dual_action_polisher,application_method: not applicable for polisher_machine/dual_action_polisher
phase3c,phase3c-SGGS003-skill_level-422,SGGS003,skill_level,pro,polisher_machine,other,accessory,air_blow_gun,skill_level: not applicable for accessory/air_blow_gun
phase3c,phase3c-SGGS003-application_method-424,SGGS003,application_method,machine,polisher_machine,other,accessory,air_blow_gun,application_method: not applicable for accessory/air_blow_gun
phase3c,phase3c-SGPM001-application_method-425,SGPM001,application_method,machine,ppf_tools,squeegee,ppf_tools,squeegee,application_method: not applicable for ppf_tools/squeegee
phase3c,phase3c-SGPM002-application_method-426,SGPM002,application_method,machine,ppf_tools,squeegee,ppf_tools,squeegee,application_method: not applicable for ppf_tools/squeegee
phase3c,phase3c-SGPM003-application_method-427,SGPM003,application_method,machine,ppf_tools,squeegee,ppf_tools,squeegee,application_method: not applicable for ppf_tools/squeegee
phase3c,phase3c-SGPM004-application_method-428,SGPM004,application_method,machine,ppf_tools,squeegee,ppf_tools,squeegee,application_method: not applicable for ppf_tools/squeegee
phase3c,phase3c-SGPM005-application_method-429,SGPM005,application_method,machine,ppf_tools,squeegee,ppf_tools,squeegee,application_method: not applicable for ppf_tools/squeegee
phase3c,phase3c-SGPM006-application_method-430,SGPM006,application_method,machine,ppf_tools,squeegee,ppf_tools,squeegee,application_method: not applicable for ppf_tools/squeegee
phase3c,phase3c-SGPM007-skill_level-431,SGPM007,skill_level,pro,ppf_tools,squeegee,ppf_tools,squeegee,skill_level: not applicable for ppf_tools/squeegee
phase3c,phase3c-SGPM007-application_method-432,SGPM007,application_method,machine,ppf_tools,squeegee,ppf_tools,squeegee,application_method: not applicable for ppf_tools/squeegee
phase3c,phase3c-SGPM008-application_method-433,SGPM008,application_method,machine,ppf_tools,consumable,ppf_tools,consumable,application_method: not applicable for ppf_tools/consumable
phase3c,phase3c-SGPM009-application_method-435,SGPM009,application_method,machine,ppf_tools,positioning_tool,ppf_tools,positioning_tool,application_method: not applicable for ppf_tools/positioning_tool
phase3c,phase3c-SGPM013-application_method-436,SGPM013,application_method,machine,ppf_tools,application_kit,ppf_tools,application_kit,application_method: not applicable for ppf_tools/application_kit
phase3c,phase3c-SGPM014-application_method-437,SGPM014,application_method,machine,ppf_tools,application_kit,ppf_tools,application_kit,application_method: not applicable for ppf_tools/application_kit
phase3c,phase3c-SGYC010-application_method-438,SGYC010,application_method,machine,spare_part,repair_part,spare_part,repair_part,application_method: not applicable for spare_part/repair_part
phase3c,phase3c-SGYC011-application_method-439,SGYC011,application_method,machine,spare_part,repair_part,spare_part,repair_part,application_method: not applicable for spare_part/repair_part
phase3c,phase3c-SVPRO160F-application_method-440,SVPRO160F,application_method,machine,polishing_pad,foam_pad,polishing_pad,foam_pad,application_method: not applicable for polishing_pad/foam_pad
phase3c,phase3c-VPRO160F-application_method-441,VPRO160F,application_method,machine,polishing_pad,foam_pad,polishing_pad,foam_pad,application_method: not applicable for polishing_pad/foam_pad
