id,scope,sku,field,before,after,label,confidence,source_quote
phase3a-74391-confidence_level-1,product.specs,74391,specs.confidence_level,,medium,Faz3 extract,low,"…n toza ve UV ışınlarına karşı etkili bir antistatik bariyer sağlar. Aracın plastik parçaları özellikle hassastır, aslında yüz…"
phase3a-700209-confidence_level-1,product.specs,700209,specs.confidence_level,,medium,Faz3 extract,low,…toz ve kir birikimini geciktirerek uzun süre “yeni” görünüm sağlar. ANA ÖZELLİKLER | FRA-BER POLISH PLUS AROMA Ürün Özellik…
phase3a-700209-application_method-1,product.specs,700209,specs.application_method,,hand,Faz3 extract,medium,"…en ~20 cm mesafeden ince film hâlinde püskürtün. 3. Yayma: Mikrofiber bezle homojen şekilde dağıtın. 4. Son Dokunuş: Temiz, kuru bezle…"
phase3a-700209-indoor_use-1,product.specs,700209,specs.indoor_use,,True,Faz3 extract,medium,…sele/vinil yüzey koruması • Showroom veya teslimat öncesi iç mekân kozmetik son dokunuş FRA-BER POLISH PLUS AROMA KULLANIM…
phase3a-700209-outdoor_use-1,product.specs,700209,specs.outdoor_use,,True,Faz3 extract,medium,"…, kauçuk, lastik trim UYARILAR VE DEPOLAMA • Doğrudan güneş altında veya sıcak yüzeyde uygulamayınız. • Açık gözenekli süet/nu…"
phase3a-Q2M-CM1000M-skill_level-1,product.specs,Q2M-CM1000M,specs.skill_level,,both,Faz3 extract,medium,GYEON Q²M Compound: Tek Adımda Yüksek Performanslı Çizik Gid…
phase3a-Q2M-CM1000M-pre_coating_safe-1,product.specs,Q2M-CM1000M,specs.pre_coating_safe,,True,Faz3 extract,medium,…atlice silin. Yüzeyin gerçek durumunu görmek için GYEON Q²M Prep ile tüm polisaj yağlarından arındırın. Önerilen Polisaj Si…
phase3a-Q2M-CMP1000M-skill_level-1,product.specs,Q2M-CMP1000M,specs.skill_level,,both,Faz3 extract,medium,GYEON Q²M Compound+: Maksimum Düzeltme ve Boya Restorasyon P…
phase3a-Q2M-CMP1000M-application_method-1,product.specs,Q2M-CMP1000M,specs.application_method,,hand,Faz3 extract,medium,…trol ve Temizlik: Yüzeydeki ürün kalıntılarını kaliteli bir mikrofiber bezle silin. Yapılan düzeltmenin gerçek durumunu görmek için yüze…
phase3a-Q2M-CMP1000M-pre_coating_safe-1,product.specs,Q2M-CMP1000M,specs.pre_coating_safe,,True,Faz3 extract,medium,…an düzeltmenin gerçek durumunu görmek için yüzeyi GYEON Q²M Prep ile silerek tüm polisaj yağlarından arındırın. Önerilen…
phase3a-Q2M-CMPR1000M-skill_level-1,product.specs,Q2M-CMPR1000M,specs.skill_level,,both,Faz3 extract,medium,GYEON Q²M Compound+ Plus REDEFINED: Maksimum Düzeltme ve Boy…
phase3a-Q2M-CMPR1000M-pre_coating_safe-1,product.specs,Q2M-CMPR1000M,specs.pre_coating_safe,,True,Faz3 extract,medium,"…m bittiğinde, yüzeyin gerçek durumunu görmek için GYEON Q²M Prep ile tüm polisaj yağlarından arındırın. Önerilen Polisaj Sis…"
phase3a-Q2M-GP250M-skill_level-1,product.specs,Q2M-GP250M,specs.skill_level,,both,Faz3 extract,medium,GYEON Q²M Glass Polish: Cam Leke Giderici ve Yüzey Hazırlayı…
phase3a-Q2M-GP250M-confidence_level-1,product.specs,Q2M-GP250M,specs.confidence_level,,medium,Faz3 extract,low,"…e optik netliğini artırırken, aynı zamanda parlak bir bitiş sunar. Özel formülü, sadece cam temizliği yapmakla kalmaz, aynı z…"
phase3a-Q2M-GP250M-pre_coating_safe-1,product.specs,Q2M-GP250M,specs.pre_coating_safe,,True,Faz3 extract,medium,"…e Temizlik: İşlem bittiğinde, yüzeydeki kalıntıyı GYEON Q²M Prep yardımıyla silin. Önerilen Sistem Bileşenleri Ürün Amaç S…"
phase3a-Q2M-PO1000M-application_method-1,product.specs,Q2M-PO1000M,specs.application_method,,hand,Faz3 extract,medium,"…İşlem sonrası yüzeyi GYEON veya MG PADS marka kaliteli bir mikrofiber bezle silin. Yüzeyin soğumasını bekledikten sonra, gerçek sonucu…"
phase3a-Q2M-PO1000M-pre_coating_safe-1,product.specs,Q2M-PO1000M,specs.pre_coating_safe,,True,Faz3 extract,medium,"…sını bekledikten sonra, gerçek sonucu görmek için GYEON Q²M Prep ile tüm cila kalıntılarından arındırın. Önerilen Polisaj S…"
phase3a-Q2M-PPR1000M-confidence_level-1,product.specs,Q2M-PPR1000M,specs.confidence_level,,medium,Faz3 extract,low,"…almaz, UV ve kimyasal dayanımla birlikte büyük bir iticilik sağlar. Hacim: 1000 ml NASIL KULLANILIR? • Minimum ve orta…"
phase3a-22984.260.001-confidence_level-1,product.specs,22984.260.001,specs.confidence_level,,medium,Faz3 extract,low,…x PE serisi gibi Rotary polisaj makineleriyle kullanım için geliştirilmiştir. o Maksimum Kesim İçin: Doğal Kuzu Postu Keçe. o Kontrol…
phase3a-22984.260.001-pre_coating_safe-1,product.specs,22984.260.001,specs.pre_coating_safe,,True,Faz3 extract,medium,"…bir yüzeyle başlamak için, polisaj sonrası yüzeyi GYEON Q²M Prep veya INNOVACAR D2 CHECK gibi bir (IPA) bazlı temizleyici ile…"
phase3a-22984.281.001-confidence_level-1,product.specs,22984.281.001,specs.confidence_level,,medium,Faz3 extract,low,"…yüksek verimlilik sunması, işletmeler için maliyet avantajı sağlar. • Ağır Kusurlu ve Yıpranmış Boyalar: Yoğun ve derin çizikl…"
phase3a-22984.281.001-pre_coating_safe-1,product.specs,22984.281.001,specs.pre_coating_safe,,True,Faz3 extract,medium,"…bir yüzeyle başlamak için, polisaj sonrası yüzeyi GYEON Q²M Prep veya INNOVACAR D2 CHECK gibi bir (IPA) bazlı temizleyici ile…"
phase3a-22930.261.001-confidence_level-1,product.specs,22930.261.001,specs.confidence_level,,medium,Faz3 extract,low,"…en yayılır, uzun süre kurumadan çalışır ve maksimum ekonomi sağlar. Kullanıcılara yüksek verimlilik ve maliyet avantajı sunar.…"
phase3a-22930.261.001-application_method-1,product.specs,22930.261.001,specs.application_method,,hand,Faz3 extract,medium,…ontrol: • Polisaj sonrası yüzeydeki kalıntıları yumuşak bir mikrofiber bezle silin. Pro-Tip: Gerçek Sonucu Görün Menzerna ürünleri sil…
phase3a-22930.261.001-pre_coating_safe-1,product.specs,22930.261.001,specs.pre_coating_safe,,True,Faz3 extract,medium,"…bir yüzeyle başlamak için, polisaj sonrası yüzeyi GYEON Q²M Prep veya INNOVACAR D2 CHECK gibi bir (IPA) bazlı temizleyici ile…"
phase3a-22771.261.001-skill_level-1,product.specs,22771.261.001,specs.skill_level,,both,Faz3 extract,medium,Menzerna 2200: Orta Seviye Çizikler İçin Fiyat/Performans Li…
phase3a-22771.261.001-confidence_level-1,product.specs,22771.261.001,specs.confidence_level,,medium,Faz3 extract,low,"…at pastaların yetersiz kaldığı durumlarda ekstra kesim gücü sunar. Formülündeki hassas ve dayanıklı mikro aşındırıcılar, kusu…"
phase3a-22771.261.001-pre_coating_safe-1,product.specs,22771.261.001,specs.pre_coating_safe,,True,Faz3 extract,medium,"…bir yüzeyle başlamak için, polisaj sonrası yüzeyi GYEON Q²M Prep veya INNOVACAR D2 CHECK gibi bir (IPA) bazlı temizleyici ile…"
phase3a-22828.261.001-confidence_level-1,product.specs,22828.261.001,specs.confidence_level,,medium,Faz3 extract,low,"…irken, aynı zamanda sınıfında lider bir parlaklık ve netlik sunar. Birçok durumda tek adımda hem düzeltme hem de bitiş yapabi…"
phase3a-22828.261.001-pre_coating_safe-1,product.specs,22828.261.001,specs.pre_coating_safe,,True,Faz3 extract,medium,"…bir yüzeyle başlamak için, polisaj sonrası yüzeyi GYEON Q²M Prep veya INNOVACAR D2 CHECK gibi bir (IPA) bazlı temizleyici ile…"
phase3a-22029.261.001-confidence_level-1,product.specs,22029.261.001,specs.confidence_level,,medium,Faz3 extract,low,"…, korumanın daha iyi tutunmasını ve daha parlak görünmesini sağlar. Pro-Tip: Çift Ped Yöntemi ile Performansı Artırın Yoğun…"
phase3a-22029.261.001-pre_coating_safe-1,product.specs,22029.261.001,specs.pre_coating_safe,,True,Faz3 extract,medium,"…bir yüzeyle başlamak için, polisaj sonrası yüzeyi GYEON Q²M Prep veya INNOVACAR D2 CHECK gibi bir (IPA) bazlı temizleyici ile…"
phase3a-22911.261.001-confidence_level-1,product.specs,22911.261.001,specs.confidence_level,,medium,Faz3 extract,low,"…ündeki, dünyanın en küçük ve en homojen partikülleri olduğu iddia edilen dayanıklı mikro aşındırıcılar, sert yüzeylerde bile etkil…"
phase3a-22911.261.001-pre_coating_safe-1,product.specs,22911.261.001,specs.pre_coating_safe,,True,Faz3 extract,medium,"…bir yüzeyle başlamak için, polisaj sonrası yüzeyi GYEON Q²M Prep veya INNOVACAR D2 CHECK gibi bir (IPA) bazlı temizleyici ile…"
phase3a-22992.261.001-skill_level-1,product.specs,22992.261.001,specs.skill_level,,both,Faz3 extract,medium,"…n özellikle yumuşak ve hassas boyalarda güvenle kullanılır. Kolay kullanımı ve mükemmel sonuçları ile 3800'ün ""Show Car"" parlaklığına…"
phase3a-22992.261.001-confidence_level-1,product.specs,22992.261.001,specs.confidence_level,,medium,Faz3 extract,low,…eri (wax veya sealant) öncesi mükemmel yüzeyi hazırlamanızı sağlar. Teknik Özellikler • Aşındırıcılık: 2/10 • Parlaklık: 10…
phase3a-22992.261.001-pre_coating_safe-1,product.specs,22992.261.001,specs.pre_coating_safe,,True,Faz3 extract,medium,"…bir yüzeyle başlamak için, polisaj sonrası yüzeyi GYEON Q²M Prep veya INNOVACAR D2 CHECK gibi bir (IPA) bazlı temizleyici ile…"
phase3a-22200.261.001-skill_level-1,product.specs,22200.261.001,specs.skill_level,,both,Faz3 extract,medium,Menzerna 400 Yeşil Seri: Sağlığa Duyarlı Güçlü Çizik Gideric…
phase3a-22200.261.001-confidence_level-1,product.specs,22200.261.001,specs.confidence_level,,medium,Faz3 extract,low,"…asal ve solvent kokuları olmadan, tozsuz bir çalışma imkanı sunar. Teknik Özellikler • Aşındırıcılık: 8/10 • Parlaklık: 8/1…"
phase3a-22200.261.001-pre_coating_safe-1,product.specs,22200.261.001,specs.pre_coating_safe,,True,Faz3 extract,medium,"…bir yüzeyle başlamak için, polisaj sonrası yüzeyi GYEON Q²M Prep veya INNOVACAR D2 CHECK gibi bir (IPA) bazlı temizleyici ile…"
phase3a-22200.261.001-indoor_use-1,product.specs,22200.261.001,specs.indoor_use,,True,Faz3 extract,medium,"…ürün, çok yönlü yapısıyla farklı ihtiyaçlara çözüm sunar: • Kapalı Alan ve Atölye Çalışmaları: VOC içermeyen ve kokusuz formülü say…"
phase3a-14992.203.001-confidence_level-1,product.specs,14992.203.001,specs.confidence_level,,medium,Faz3 extract,low,"…kaporta atölyelerinin en zorlu ihtiyaçları için özel olarak geliştirilmiş, krem formunda bir ağır çizik giderici pastadır. Bu uzman ü…"
phase3a-14992.203.001-pre_coating_safe-1,product.specs,14992.203.001,specs.pre_coating_safe,,True,Faz3 extract,medium,"…bir yüzeyle başlamak için, polisaj sonrası yüzeyi GYEON Q²M Prep veya INNOVACAR D2 CHECK gibi bir (IPA) bazlı temizleyici ile…"
phase3a-22203.261.001-confidence_level-1,product.specs,22203.261.001,specs.confidence_level,,medium,Faz3 extract,low,"…yon gibi inatçı yüzey kusurlarını gidermek için özel olarak geliştirilmiş, teknoloji odaklı profesyonel bir pastadır. Kalın pasta kat…"
phase3a-22203.261.001-pre_coating_safe-1,product.specs,22203.261.001,specs.pre_coating_safe,,True,Faz3 extract,medium,…amaya geçmeden veya işlemi bitirmeden önce yüzeyi GYEON Q²M Prep veya INNOVACAR D2 CHECK gibi (IPA) bazlı temizleyici ile sil…
phase3a-23003.391.001-confidence_level-1,product.specs,23003.391.001,specs.confidence_level,,medium,Faz3 extract,low,…lirsiniz. • Kullanıcı Dostu: Kolay ve hızlı uygulama imkânı sunar. • Ekonomik: Yoğun formülü ile az miktarda ürünle büyük son…
phase3a-22748.261.001-skill_level-1,product.specs,22748.261.001,specs.skill_level,,both,Faz3 extract,medium,"…yanlar İçin İdeal: Üç adımı tek bir üründe birleştirmesi ve kolay kullanımı, detailing dünyasına yeni adım atanlar için karmaşayı orta…"
phase3a-22748.261.001-confidence_level-1,product.specs,22748.261.001,specs.confidence_level,,medium,Faz3 extract,low,…lan ancak kaliteden ödün vermek istemeyen kullanıcılar için geliştirilmiş devrim niteliğinde bir üründür. Bu çok yönlü formül; orta s…
phase3a-22202.260.001-confidence_level-1,product.specs,22202.260.001,specs.confidence_level,,medium,Faz3 extract,low,"…ı zamanda kendi sınıfında inanılmaz bir parlaklık ve netlik sunar. Silikon ve dolgu maddesi içermeyen yapısıyla, yüzeyde mask…"
phase3a-22202.260.001-pre_coating_safe-1,product.specs,22202.260.001,specs.pre_coating_safe,,True,Faz3 extract,medium,"…bir yüzeyle başlamak için, polisaj sonrası yüzeyi GYEON Q²M Prep veya INNOVACAR D2 CHECK gibi bir (IPA) bazlı temizleyici ile…"
phase3a-Q2M-SPE-confidence_level-1,product.specs,Q2M-SPE,specs.confidence_level,,medium,Faz3 extract,low,"…etkili ve güvenli bir şekilde temizlemek üzere özel olarak geliştirilmiş, çift taraflı temizlik aplikatörüdür. GYEON kalitesi ve er…"
phase3a-Q2M-SPE-indoor_use-1,product.specs,Q2M-SPE,specs.indoor_use,,True,Faz3 extract,medium,"…rım | Çizmez Yapı | Deri ve Plastik İçin İdeal DERİ VE İÇ MEKÂN TEMİZLİĞİNDE KUSURSUZ SONUÇ GYEON Q²M ScrubPad EVO, araç…"
phase3a-Q2M-CA10P-skill_level-1,product.specs,Q2M-CA10P,specs.skill_level,,both,Faz3 extract,medium,…maktadır. Geniş boyutuyla uygulama süresini kısaltır ve hem amatörler hem de profesyoneller tarafından güvenle kullanılabilir.…
phase3a-Q2M-CA10P-confidence_level-1,product.specs,Q2M-CA10P,specs.confidence_level,,medium,Faz3 extract,low,"…aflı yapısı sayesinde bir yüzeyde süetin ipeksi yumuşaklığı sunarken, diğer yüzeyde kısa tüylü mikrofiber özellik sağlar. İki…"
phase3a-Q2M-CAP10P-skill_level-1,product.specs,Q2M-CAP10P,specs.skill_level,,both,Faz3 extract,medium,"…ure, Q² One EVO gibi ürünlerle tam uyum • Profesyonel veya amatör kullanıcılar için güvenli çözüm NEDEN GYEON Q²M COATIN…"
phase3a-Q2M-CAP10P-confidence_level-1,product.specs,Q2M-CAP10P,specs.confidence_level,,medium,Faz3 extract,low,…a Pedi – 10'lu Paket Seramik Kaplama Uygulamaları İçin Geliştirilmiş Mikrofiber Aplikatör | Çift Yüzeyli Yapı | Maksimum Hassasi…
phase3a-Q2M-MFAE-confidence_level-1,product.specs,Q2M-MFAE,specs.confidence_level,,medium,Faz3 extract,low,…li mikro elyafa sarılmış yumuşak bir süngerle mükemmel uyum sağlar. Üst kısmındaki cep mükemmel tutuş sağlar ve işlevselliğini…
phase3a-Q2M-TA2P-confidence_level-1,product.specs,Q2M-TA2P,specs.confidence_level,,medium,Faz3 extract,low,"…ı sayesinde tüm lastiklerde etkili ve mükemmel bir uygulama sağlar. Q²M Tire ya da Q²M TireExpress lastik parlatıcılarını, min…"
phase3a-3235-application_method-1,product.specs,3235,specs.application_method,,hand,Faz3 extract,medium,"…yı almıştır. Farklı ürünlerle kombine edilebilir ve kolayca elle uygulanabilir. Siyah kısmı yumuşaktır. Wax, boya koruma, katı ci…"
phase3a-3224M-confidence_level-1,product.specs,3224M,specs.confidence_level,,medium,Faz3 extract,low,…ax/boya koruma ürünlerinin hassas bir şekilde uygulanmasını sağlar. Çok amaçlı ve ergonomiktir. Hem iç hem dış yüzey uygulamal…
phase3a-ACC-SPG-2-confidence_level-1,product.specs,ACC-SPG-2,specs.confidence_level,,medium,Faz3 extract,low,…katörüdür. Parlatma uygulamasını hızla ve kolayca yapmanızı sağlar. Ellerinizi temiz tutar. Tekrar tekrar kullanıma uygundur.…
phase3a-SGGD004-skill_level-1,product.specs,SGGD004,specs.skill_level,,both,Faz3 extract,medium,"…zlik sağlar, kiri ve lekeleri zahmetsizce uzaklaştırır • Kolay Kullanım: Ergonomik yapısı sayesinde ele kolay oturur, tutuşu rahat…"
phase3a-SGGD004-confidence_level-1,product.specs,SGGD004,specs.confidence_level,,medium,Faz3 extract,low,…dir. Poliüretan köpük yapısı sayesinde uzun ömürlü kullanım sunar ve en zorlu temizlik işlemlerinde bile formunu korur. Profe…
phase3a-SGGD188-02-confidence_level-1,product.specs,SGGD188-02,specs.confidence_level,,medium,Faz3 extract,low,…teknikleri kullanılmıştır Uzun Ömür ve Dayanıklı Uygulama Sağlar. İnsan Elinin Özellikleri ve Boyutları Gibi Tasarlanmıştır…
phase3a-SGGD190-confidence_level-1,product.specs,SGGD190,specs.confidence_level,,medium,Faz3 extract,low,"…gerlerin iki katı yoğunlukta olup daha uzun süreli kullanım sağlar. • Evrensel Temizleme Gücü – Deri, mermer, paslanmaz çelik,…"
phase3a-SGGD296-confidence_level-1,product.specs,SGGD296,specs.confidence_level,,medium,Faz3 extract,low,"…li uygulama ve eşit dağılım sağlayarak profesyonel sonuçlar sunar. Lastikler, jant göbekleri ve diğer detaylı alanlar için uy…"
phase3a-SGGD296-application_method-1,product.specs,SGGD296,specs.application_method,,hand,Faz3 extract,medium,"…k yönlü kullanım için yüksek kaliteli süngeri dayanıklı bir fırça ile birleştirir. • Verimli Uygulama: Lastik parlatıcı, balmumu…"
phase3a-Q2M-LB-confidence_level-1,product.specs,Q2M-LB,specs.confidence_level,,medium,Faz3 extract,low,"…sarımı bir araya getirerek güvenli ve rahat bir deri bakımı sunar. GYEON Q²M Leather Brush, tüm deri türlerinde güvenli ve e…"
phase3a-Q2M-TB-skill_level-1,product.specs,Q2M-TB,specs.skill_level,,diy,Faz3 extract,medium,"GYEON Q²M TireBrush, kimyasal dayanımı yüksek, sert fakat na…"
phase3a-Q2M-TB-confidence_level-1,product.specs,Q2M-TB,specs.confidence_level,,medium,Faz3 extract,low,"…ptir. Bu fırça, güçlü bir kir temizleme ve fırçalama işlevi sunar. Kavisli kenarlarının tasarımı, yüzeye zarar vermemeyi sağl…"
phase3a-Q2M-BL-confidence_level-1,product.specs,Q2M-BL,specs.confidence_level,,medium,Faz3 extract,low,"…ikrofiber malzemeden yapılmış olup, mükemmel temizleme gücü sunarak, jantlarınız için tamamen güvenlidir. Smoothie ile aynı…"
phase3a-SGGD421-skill_level-1,product.specs,SGGD421,specs.skill_level,,both,Faz3 extract,medium,…u ortamda saklayın SGCB SGGD421 detay fırçası seti hem amatör hem profesyonel kullanıcılar için araç temizliğinde üst düz…
phase3a-SGGD421-confidence_level-1,product.specs,SGGD421,specs.confidence_level,,medium,Faz3 extract,low,"…Seti, araçların iç ve dış detay temizliği için özel olarak geliştirilmiş 3 farklı fırçadan oluşan profesyonel detay fırçası setidir.…"
phase3a-SGGD421-application_method-1,product.specs,SGGD421,specs.application_method,,hand,Faz3 extract,medium,…üst düzey kontrol ve performans sunar. Her yüzey için doğru fırça ile maksimum temizlik ve sıfır çizik deneyimini yaşayın. Ara…
phase3a-SGGD421-indoor_use-1,product.specs,SGGD421,specs.indoor_use,,True,Faz3 extract,medium,…ar için mükemmel tercih En İyi Uygulama Önerileri • İç Mekan Temizliği: Gösterge panelleri ve hava delikleri için yumuş…
phase3a-SGGD421-outdoor_use-1,product.specs,SGGD421,specs.outdoor_use,,True,Faz3 extract,medium,"…panelleri ve hava delikleri için yumuşak fırça kullanın. • Dış Mekan Temizliği: Amblemler için orta sertlikte fırça, tekerlek s…"
phase3a-SGGD049-confidence_level-1,product.specs,SGGD049,specs.confidence_level,,medium,Faz3 extract,low,"…e, dar ve temizlemesi zor her noktaya rahatlıkla ulaşmanızı sağlar. Fırçanın birinci sınıf, yumuşak ve pürüzsüz kılları, aracı…"
phase3a-70616-confidence_level-1,product.specs,70616,specs.confidence_level,,medium,Faz3 extract,low,"…zeye yüksek parlaklık verirken aynı zamanda kaygan bir doku sağlar, böylece su iticilik özelliği (hidrofobik) kazandırır. Bu s…"
phase3a-701003-confidence_level-1,product.specs,701003,specs.confidence_level,,medium,Faz3 extract,low,"…dür. Tek adımda etkili temizlik, parlaklık ve su itici etki sağlar. Orta yoğunlukta köpük üretimiyle, kurulama sürecini kısalt…"
phase3a-701003-outdoor_use-1,product.specs,701003,specs.outdoor_use,,True,Faz3 extract,medium,"…UYARILAR VE DEPOLAMA • Ürünün kurumasına izin vermeyin. • Güneş altında ve sıcak yüzeylerde uygulamayın. • Ürünü serin, kuru ve do…"
phase3a-701851-confidence_level-1,product.specs,701851,specs.confidence_level,,medium,Faz3 extract,low,"…biriken inatçı siyah lekeleri etkili şekilde gidermek için geliştirilmiş özel bir temizlik şampuanıdır. İçeriğinde sodyum hidroksit,…"
phase3a-701851-application_method-1,product.specs,701851,specs.application_method,,hand,Faz3 extract,medium,"…çalkalayarak homojen hale getirin. 5. Sünger, eldiven veya fırça ile yüzeye uygulayın. 6. 2–3 dakika bekleyin ve ardından yukar…"
phase3a-701851-outdoor_use-1,product.specs,701851,specs.outdoor_use,,True,Faz3 extract,medium,…n sonra uygulama yapılmalıdır. UYARILAR VE DEPOLAMA • Güneş altında ve sıcak yüzeylerde uygulamayınız. • Ürünü yüzeyde kurutma…
phase3a-71490-skill_level-1,product.specs,71490,specs.skill_level,,both,Faz3 extract,medium,"FRA-BER NEVE – Yoğun Köpüklü Araç Yıkama Şampuanı (Cilalı, P…"
phase3a-71490-outdoor_use-1,product.specs,71490,specs.outdoor_use,,True,Faz3 extract,medium,…YARILAR VE DEPOLAMA • Köpüğü sıcak yüzeyde veya doğrudan güneş altında kurumaya bırakmayınız. • Plastik trim ve hassas yüzeylerde…
phase3a-70942-confidence_level-1,product.specs,70942,specs.confidence_level,,medium,Faz3 extract,low,"…ve inatçı kirler üzerinde derinlemesine etkili bir temizlik sağlar. İçerdiği özel bileşenler sayesinde, sadece bir ön yıkama i…"
phase3a-71180-confidence_level-1,product.specs,71180,specs.confidence_level,,medium,Faz3 extract,low,"…ampuanıdır. Özel Formülasyonu ile parlak ve antistatik etki sağlar. Boyayı etkilemez. FRA-BER Shampoo Color, fuşya renkli göz…"
phase3a-700387-outdoor_use-1,product.specs,700387,specs.outdoor_use,,True,Faz3 extract,medium,"…dan yüzeyi kurulayın. UYARILAR VE DEPOLAMA • Sıcak, güneş altında veya hassas yüzeylerde uygulamayınız. • Ürünün yüzeyde kur…"
phase3a-72042-confidence_level-1,product.specs,72042,specs.confidence_level,,medium,Faz3 extract,low,"…lpazede yer alan araçlarınızın dış yüzeylerine ekstra bakım sağlar. Elle yıkama için ideal olan bu ürün, sünger kullanımına ge…"
phase3a-701980-confidence_level-1,product.specs,701980,specs.confidence_level,,medium,Faz3 extract,low,"…ampuanıdır. Özel formülasyonu ile parlak ve antistatik etki sağlar. Araçların üzerindeki inatçı kiri, yol kirini, sinek böcek…"
phase3a-78784-confidence_level-1,product.specs,78784,specs.confidence_level,,medium,Faz3 extract,low,"…tır. Bu ürün, otomobiller ve kamyonlar için ideal bir çözüm sunar; kaporta, jantlar ve böcekler üzerinde etkili bir temizlik…"
phase3a-Q2M-BPYA1000M-confidence_level-1,product.specs,Q2M-BPYA1000M,specs.confidence_level,,medium,Faz3 extract,low,"…Katmanı — Yıkama esnasında 8 haftaya kadar kalıcı hidrofobi sağlar. > pH Nötr & Kaplama Dostu — Seramik, wax ve çıplak boyada…"
phase3a-Q2M-BPYA1000M-pre_coating_safe-1,product.specs,Q2M-BPYA1000M,specs.pre_coating_safe,,True,Faz3 extract,medium,"…ğuk yüzeyde, gölgede çalışın. Ürünü kurutmayın; kurursa Q²M Prep veya Q²M QuickDetailer ile kalıntıyı kolayca çıkarabilirsini…"
phase3a-Q2M-PPFW500M-confidence_level-1,product.specs,Q2M-PPFW500M,specs.confidence_level,,medium,Faz3 extract,low,"…: PPF Wash boyadaki wax/kaplamayı söker mi? A: Hayır, özel geliştirilmiş formülüyle koruyucu katmanlara zarar vermez. Q: Köpük taba…"
phase3a-Q2M-PPFW500M-application_method-1,product.specs,Q2M-PPFW500M,specs.application_method,,hand,Faz3 extract,medium,…amamlayıcı Ürünler Ürün Amaç Uyum Q²M Smoothie Çiziksiz el ile yıkama Yüksek kayganlık Q²M Foam Ön köpük Kir yumuşatma Q…
phase3a-Q2M-PPFW500M-outdoor_use-1,product.specs,Q2M-PPFW500M,specs.outdoor_use,,True,Faz3 extract,medium,…demir çözme Hidrofobi yeniler Çalışma Sıcaklığı 5 – 30 °C Güneş altında kullanmayın Ambalaj 500 ml HDPE şişe Kapaklı ölçek çizgili…
phase3a-Q2M-RW1000M-confidence_level-1,product.specs,Q2M-RW1000M,specs.confidence_level,,medium,Faz3 extract,low,"…startWash çok amaçlı bir üründür: temizler, dekontaminasyon sağlar ve kaplamanızın temel özelliklerini yeniden kazandırır. Q²M…"
phase3a-Q2M-TWYA500M-confidence_level-1,product.specs,Q2M-TWYA500M,specs.confidence_level,,medium,Faz3 extract,low,…rmansı — Emiş gücünü ve toz tutuculuğu korur; lekesiz silme sağlar. • Ekonomik Konsantre — 500 ml şişe ile 16–50 yıkama (su s…
phase3a-Q2M-TWYA500M-application_method-1,product.specs,Q2M-TWYA500M,specs.application_method,,hand,Faz3 extract,medium,"…er Bez Havlu Eldiven Keçe Ped Yıkama Şampuanı - 500 ml Mikrofiber bezleriniz ve polisaj pedleriniz, detay işçiliğinizin gizli kahra…"
phase3a-79290-confidence_level-1,product.specs,79290,specs.confidence_level,,medium,Faz3 extract,low,…andırmak ve yüzeyleri yeni uygulamalara hazırlamak amacıyla geliştirilmiştir. Aşağıdaki avantajları sunar: • 2’si 1 Arada Kullanım:…
phase3a-700508-skill_level-1,product.specs,700508,specs.skill_level,,both,Faz3 extract,medium,"INNOVACAR S2 FOAMY GREEN – Enzimli, Renkli, pH Nötr Araç Yık…"
phase3a-701422-confidence_level-1,product.specs,701422,specs.confidence_level,,medium,Faz3 extract,low,"…bi detay ekipmanlarının temizlik ve bakımı için özel olarak geliştirilmiş, enzim bazlı, yıkama dostu bir deterjandır. Hem makinede he…"
phase3a-79281-confidence_level-1,product.specs,79281,specs.confidence_level,,medium,Faz3 extract,low,"…k bir miktar SP1 mükemmel bir yıkama işlemi ve tam temizlik sağlar. Eşsiz formülü, mekanik etki olmadan seramik veya nano k…"
phase3a-Q2-AF120M-confidence_level-1,product.specs,Q2-AF120M,specs.confidence_level,,medium,Faz3 extract,low,"…adır. 120 ml’lik şişesiyle 2 aya kadar kesintisiz berraklık sunar; soğuk, nemli havalarda dahi sürüş güvenliğinizi artırır.…"
phase3a-Q2-AF120M-pre_coating_safe-1,product.specs,Q2-AF120M,specs.pre_coating_safe,,True,Faz3 extract,medium,"…nır? Hazırlık – Camı Q²M Glass ile temizle, ardından Q²M Prep ile yağdan arındır. Ekipmanı Hazırla – Süet bezi aplikatöre…"
phase3a-Q2-BS30M-confidence_level-1,product.specs,Q2-BS30M,specs.confidence_level,,medium,Faz3 extract,low,"…• Hidrofobi Şampiyonu – 120° temas açısı, göz alıcı beading sağlar. • Çizgi Filmsiz Uygulama – Hızlı buharlaşma, hafif silme…"
phase3a-Q2-BS30M-pre_coating_safe-1,product.specs,Q2-BS30M,specs.pre_coating_safe,,True,Faz3 extract,medium,…aplama “kuru ama kürleşmemiş” (< 14 gün) olmalı; yüzeyi Q²M Prep ile yağdan arındır. Ekipmanı Hazırla – Süet bez + blok; 6-8…
phase3a-Q2-CCE200M-confidence_level-1,product.specs,Q2-CCE200M,specs.confidence_level,,medium,Faz3 extract,low,"…ik kaplamadır. 200 ml’lik şişesiyle 12 ay/12 000 km dayanım sunar, püskürt-sil formülü sayesinde detaycı olmayan kullanıcılar…"
phase3a-Q2-CCE200M-pre_coating_safe-1,product.specs,Q2-CCE200M,specs.pre_coating_safe,,True,Faz3 extract,medium,"…cı yıka, kil temizliği ve gerekirse polisaj yap; yüzeyi Q²M Prep ile yağdan arındır. Ekipmanı Hazırla – Mik…"
phase3a-Q2-CCE200M-outdoor_use-1,product.specs,Q2-CCE200M,specs.outdoor_use,,True,Faz3 extract,medium,"…klık için 1 saat sonra ikinci kat atılabilir. Soru: Dış mekânda uygulayabilir miyim? Cevap: Evet, gölgede ve rüzg…"
phase3a-Q2-LSE50M-cure_time_hours-1,product.specs,Q2-LSE50M,specs.cure_time_hours,,1,Faz3 extract,medium,…lı temizleyici serbest. 6. Opsiyonel İkinci Kat • İlk kat ? 1 saat sonra ince ikinci kat uygulanabilir (açık renk deride ekstra bari…
phase3a-Q2-LSE50M-indoor_use-1,product.specs,Q2-LSE50M,specs.indoor_use,,True,Faz3 extract,medium,…İçin Koruyucu Seramik Kaplama - 50 ml Aracınızın lüks deri iç mekânına görünmez ama son derece dirençli bir zırh ekleyin! Q² Le…
phase3a-Q2-MTEL50M-confidence_level-1,product.specs,Q2-MTEL50M,specs.confidence_level,,medium,Faz3 extract,low,…e suyu iter ve 24 ay/30 000 km’ye varan kimyasal-UV kalkanı sunar. Öne Çıkan Özellikler Gerçek Mat Uyumu — Parlaklık katmad…
phase3a-Q2-MTEL50M-pre_coating_safe-1,product.specs,Q2-MTEL50M,specs.pre_coating_safe,,True,Faz3 extract,medium,"…Uygulanır? Hazırlık – Aracı yıka, kil/polisaj sonrası Q²M Prep ile yağdan arındır. Ekipmanı Hazırla – Coating Applicator Mi…"
phase3a-Q2-MTEL50M-outdoor_use-1,product.specs,Q2-MTEL50M,specs.outdoor_use,,True,Faz3 extract,medium,"…la tam performans verir; ikinci kat gerekli değildir. Soru: Dış mekânda uygulayabilir miyim? Cevap: Rüzgârsız, gölge ve 10-30 °C…"
phase3a-Q2-MLE100M-durability_months-1,product.specs,Q2-MLE100M,specs.durability_months,48,60,Faz3 conflict,review_conflict,…sağlamlığı herkesin eline getirir. Öne Çıkan Özellikler > 5 Yıla Kadar Koruma — Tek kat 36 ay; iki kat 48-60 ay/50 000 km. > 9H Sertlik —…
phase3a-Q2-MLE100M-cure_time_hours-1,product.specs,Q2-MLE100M,specs.cure_time_hours,,1,Faz3 extract,medium,…den ? 60 dk sonra aynı adımları tekrarlayın. 8. İlk Bakım • 1 saat sonra Q²M Cure ile üst katman; su lekesi riskini azaltır. • Rutin…
phase3a-Q2-MLE100M-skill_level-1,product.specs,Q2-MLE100M,specs.skill_level,,both,Faz3 extract,medium,GYEON Q² Mohs EVO Light Box Seramik Kaplama - 100 ml - 9H Ot…
phase3a-Q2-MLE100M-confidence_level-1,product.specs,Q2-MLE100M,specs.confidence_level,,medium,Faz3 extract,low,"…a, 105 °’yi aşan boncuklanma ve cam berraklığında parlaklık sunar. Garaj gerektirmeyen formülüyle profesyonel sağlamlığı herk…"
phase3a-Q2-MLE100M-pre_coating_safe-1,product.specs,Q2-MLE100M,specs.pre_coating_safe,,True,Faz3 extract,medium,…sa kil + polisaj yapın. • Tüm yağ/polisaj kalıntılarını Q²M Prep ile silin. 2. Hazırlık & Damlatma • Aplikatör bloğunu süetle…
phase3a-Q2-MLE100M-outdoor_use-1,product.specs,Q2-MLE100M,specs.outdoor_use,,True,Faz3 extract,medium,…a self-cleaning etkisi. > Garaj Gerektirmez — Sabit gölgede açık hava uygulamasına uygun. Teknik Bilgiler Parametre Değer Not D…
phase3a-Q2-OLE100M-durability_months-1,product.specs,Q2-OLE100M,specs.durability_months,24,0.5,Faz3 conflict,review_conflict,"…C: 12 saat sonra su ve toz temasına açıktır; tam sertleşme 14 gün sürer. Yüzeyinizi en üst düzeye taşıyın. Kat, sil ve parıldayan…"
phase3a-Q2-OLE100M-pre_coating_safe-1,product.specs,Q2-OLE100M,specs.pre_coating_safe,,True,Faz3 extract,medium,"…gerekirse kil ve polisaj ile kontaminantları giderin. • Q²M Prep ile boya ve cila kalıntılarını tamamen silin. • Yüzeyin toz,…"
phase3a-Q2-OLE100M-outdoor_use-1,product.specs,Q2-OLE100M,specs.outdoor_use,,True,Faz3 extract,medium,…tik aksesuarlar • Tekne güvertesi ve kaplama panelleri • Ev dış cephe panelleri ve ofis giriş kaplamaları Neden GYEON Q² One EVO…
phase3a-Q2-PPFE50M-pre_coating_safe-1,product.specs,Q2-PPFE50M,specs.pre_coating_safe,,True,Faz3 extract,medium,…& parlaklık/saten tazeleme. o Son Yağ Alma – Tüm yüzeyi Q²M Prep veya Q²M DegreaseTabs solüsyonu ile panel panel silin; hav b…
phase3a-Q2-PPFE50M-outdoor_use-1,product.specs,Q2-PPFE50M,specs.outdoor_use,,True,Faz3 extract,medium,"…birlikte hareket eder; self-healing performansı korunur. Q: Dış mekânda uygulayabilir miyim? A: Rüzgârsız, gölge ve 15-25 °C aras…"
phase3a-Q2-PR1000M-confidence_level-1,product.specs,Q2-PR1000M,specs.confidence_level,,medium,Faz3 extract,low,"…i ve yeni çizik oluşma riskini azaltarak mükemmel bir bitiş sağlar. • ""Prep"" Adımını Ortadan Kaldırma: Uygulamadan sonra 24 sa…"
phase3a-Q2-PR1000M-application_method-1,product.specs,Q2-PR1000M,specs.application_method,,hand,Faz3 extract,medium,…Yüzeydeki kalıntıları GYEON veya MG PADS marka kaliteli bir mikrofiber bezle dikkatlice silin. Seramik kaplamayı uygulamadan önce yüzeyi…
phase3a-Q2-PR1000M-pre_coating_safe-1,product.specs,Q2-PR1000M,specs.pre_coating_safe,,True,Faz3 extract,medium,"…: Uygulamadan sonra 24 saat beklendiğinde, yüzeyi GYEON Q²M Prep gibi bir ürünle silme ihtiyacını ortadan kaldırır ve kaplama…"
phase3a-Q2-PLE50M-confidence_level-1,product.specs,Q2-PLE50M,specs.confidence_level,,medium,Faz3 extract,low,"…Formül – Maksimum silika oranı, yoğun “candy gloss” efekti sağlar. 36 Ay / 40 000 km Koruma – Tek katla uzun ömürlü UV ve kim…"
phase3a-Q2-PLE50M-pre_coating_safe-1,product.specs,Q2-PLE50M,specs.pre_coating_safe,,True,Faz3 extract,medium,…– Yıka › dekontaminasyon › polisaj gerekliyse › yüzeyi Q²M Prep ile yağdan arındır. Ekipmanı Hazırla – Q²M Coating Applicato…
phase3a-Q2-PLE50M-outdoor_use-1,product.specs,Q2-PLE50M,specs.outdoor_use,,True,Faz3 extract,medium,"…kadar; ortam sıcaklık-nemine göre ayarlayabilirsiniz. Soru: Dış mekânda uygulanabilir mi? Cevap: Rüzgârsız, gölge ve 10–30 °C koş…"
phase3a-Q2-PC100M-application_method-1,product.specs,Q2-PC100M,specs.application_method,,hand,Faz3 extract,medium,…ekleme — 5-10 dk film oluşumuna izin verin. 4. Son Silme — Mikrofiber bezle nazikçe tek geçiş yapın. Yüksek nokta görürseniz yeniden uy…
phase3a-Q2-PC100M-indoor_use-1,product.specs,Q2-PC100M,specs.indoor_use,,True,Faz3 extract,medium,"…ğu, evcil hayvan yatağı • Denizcilik kabin yüzeyleri ve RV iç mekânlar Neden GYEON Q² PurifyCoat? • Hijyen Standardı —…"
phase3a-Q2-PC100M-outdoor_use-1,product.specs,Q2-PC100M,specs.outdoor_use,,True,Faz3 extract,medium,…iz yeniden uygulayıp hemen silin. 5. Kür — 12 saat pencere açık havalandırın; su/kimyasal temastan kaçının. 6. Bakım — Her 2-3…
phase3a-Q2-RE30M-durability_months-1,product.specs,Q2-RE30M,specs.durability_months,18,0.5,Faz3 conflict,review_conflict,…iyle kürleşme hızlandırılabilir. > Tam kimyasal sertleşme ? 14 gün sürer; bu süre zarfında jant yıkarken yalnızca basınçlı su kullan…
phase3a-Q2-RE30M-pre_coating_safe-1,product.specs,Q2-RE30M,specs.pre_coating_safe,,True,Faz3 extract,medium,"…llara dayanıklı kil ile kil + sabun yapın. • Son olarak Q²M Prep ile tüm yağ, silikat ve polisaj kalıntılarını silerek yüzeyi…"
phase3a-Q2-SLE50M-confidence_level-1,product.specs,Q2-SLE50M,specs.confidence_level,,medium,Faz3 extract,low,"…ye kadar 9H sertlik, >120 ° hidrofobi ve göz alıcı derinlik sunar. Mohs EVO + Skin EVO kombinasyonu, hem parlak hem mat boyal…"
phase3a-Q2-SLE50M-pre_coating_safe-1,product.specs,Q2-SLE50M,specs.pre_coating_safe,,True,Faz3 extract,medium,…ar yıka › durula › kurula. o Son Yağ Alma – Tüm yüzeyi Q²M Prep ile panel panel sil. 2. Ekipmanı Hazırla o Coating Applica…
phase3a-Q2-SLE50M-outdoor_use-1,product.specs,Q2-SLE50M,specs.outdoor_use,,True,Faz3 extract,medium,"…irlikte hareket eder, self-healing kabiliyetini bozmaz. Q: Dış mekânda uygulayabilir miyim? A: Rüzgârsız, gölge ve 15-25 °C ara…"
phase3a-Q2-TYA500M-confidence_level-1,product.specs,Q2-TYA500M,specs.confidence_level,,medium,Faz3 extract,low,…Formül — Seramik katkı uzun ömürlü hidrofobi ve UV koruması sağlar. > Saten Doğal Bitiş — Yapay parlaklık yerine fabrika çıkı…
phase3a-Q2-TYA500M-application_method-1,product.specs,Q2-TYA500M,specs.application_method,,hand,Faz3 extract,medium,"…asıl Kullanılır? 1. Temizlik – Lastiği Q²M TireCleaner + fırça ile derinlemesine temizleyin, tamamen kurutun. 2. Çalkala – Şi…"
phase3a-Q2-TRE30M-cure_time_hours-1,product.specs,Q2-TRE30M,specs.cure_time_hours,,1,Faz3 extract,medium,"…ps.) • Aşırı solmuş trimlerde veya üst düzey dayanım için ? 1 saat sonra 2. kat. • Aynı prosedürü tekrarlayın, parlak parçalarda faz…"
phase3a-Q2-TRE30M-skill_level-1,product.specs,Q2-TRE30M,specs.skill_level,,diy,Faz3 extract,medium,GYEON Q² Trim EVO – Seramik Bazlı Plastik Koruyucu & Yeniley…
phase3a-Q2-TRE30M-confidence_level-1,product.specs,Q2-TRE30M,specs.confidence_level,,medium,Faz3 extract,low,"…r plastiklerinde derin renk, UV kalkanı ve kalıcı hidrofobi sağlar. Yeni EVO formülü, önceki nesle göre P daha uzun ömür ve da…"
phase3a-Q2-TRE30M-pre_coating_safe-1,product.specs,Q2-TRE30M,specs.pre_coating_safe,,True,Faz3 extract,medium,…taminasyon yapın. • Tüm eski dressing-yağ kalıntılarını Q²M Prep ile silin. • Yüzey tamamen kuru ve soğuk olmalı. Kir veya si…
phase3a-Q2-TRE30M-indoor_use-1,product.specs,Q2-TRE30M,specs.indoor_use,,True,Faz3 extract,medium,"…z kullanın. 7. Kürleşme • Araç min. 12 saat toz-sudan uzak, kapalı alanda beklemeli. • İlk 7 gün deterjanla yıkama yapmayın. • İste…"
phase3a-Q2-VE20M-skill_level-1,product.specs,Q2-VE20M,specs.skill_level,,both,Faz3 extract,medium,GYEON Q² View EVO – Cam Su İtici & Yağmur Kaydırıcı Seramik…
phase3a-Q2-VE20M-confidence_level-1,product.specs,Q2-VE20M,specs.confidence_level,,medium,Faz3 extract,low,"…ygulama ve önceki nesle göre P’ye varan ekstra dayanıklılık sunar. Ön camda 24 ay / 50 000 km, yan camlarda ise 36 aya kadar…"
phase3a-Q2-VE20M-pre_coating_safe-1,product.specs,Q2-VE20M,specs.pre_coating_safe,,True,Faz3 extract,medium,…en Aksesuar & Tamamlayıcı Ürünler Ürün Amaç Uyum GYEON Q²M Prep GlassPolish kalıntılarını tamamen temizler Bağlanma gücünü m…
phase3a-79296-confidence_level-1,product.specs,79296,specs.confidence_level,,medium,Faz3 extract,low,…n hızla akmasını sağlayarak görüşü artırır ve güvenli sürüş sağlar. • Su ve Yağ İtici Etki: Cam üzerinde boncuklanma (beading…
phase3a-79296-application_method-1,product.specs,79296,specs.application_method,,hand,Faz3 extract,medium,"…. o Yaklaşık 1 dakika bekleyin, ardından temiz ve kuru bir mikrofiber bezle yüzeyi silin. 3. İsteğe Bağlı 2. Katman: o Etkiyi artır…"
phase3a-79299-cure_time_hours-1,product.specs,79299,specs.cure_time_hours,7,1,Faz3 conflict,review_conflict,"…onra isteğe bağlı olarak ikinci kat uygulanabilir. 5. Ürün 1 saat içinde kurur, tam etkinlik 7 saatte oluşur. 6. Sıcak yüzeylerde ve güne…"
phase3a-79299-confidence_level-1,product.specs,79299,specs.confidence_level,,medium,Faz3 extract,low,"…nü, araç kumaşları, deri döşemeler ve yumuşak tenteler için geliştirilmiş alkol bazlı gelişmiş bir yüzey koruyucudur. Floropolimer te…"
phase3a-79299-outdoor_use-1,product.specs,79299,specs.outdoor_use,,True,Faz3 extract,medium,"…urur, tam etkinlik 7 saatte oluşur. 6. Sıcak yüzeylerde ve güneş altında uygulamaktan kaçının. SEYRELTME TABLOSU | SC4 Tex Coat…"
phase3a-700405-durability_months-1,product.specs,700405,specs.durability_months,48,60,Faz3 conflict,review_conflict,"…kir birikimini önler, daha az yıkama ihtiyacı doğurur. • 4–5 Yıla Kadar Dayanıklılık: ISO 20566:2013 test protokolüne göre 75.000 km’ye veya 72…"
phase3a-700405-cure_time_hours-1,product.specs,700405,specs.cure_time_hours,,4,Faz3 extract,medium,…. Adım 3: Koruyucu Kat & Kürleşme Süreci 1. Uygulamadan 4 saat sonra SC0 Hydro Sealant uygulanabilir. 2. Aracı 3-4 saat kapalı…
phase3a-700405-skill_level-1,product.specs,700405,specs.skill_level,,both,Faz3 extract,medium,INNOVACAR SINH HYBRID Tek Adım Hidrofobik Seramik Kaplama –…
phase3a-700405-indoor_use-1,product.specs,700405,specs.indoor_use,,True,Faz3 extract,medium,"…t sonra SC0 Hydro Sealant uygulanabilir. 2. Aracı 3-4 saat kapalı alanda bekletin. 3. İlk 7 gün içinde aracı yıkamayın, yağmur/ka…"
phase3a-MXP-DPCN50KS-pre_coating_safe-1,product.specs,MXP-DPCN50KS,specs.pre_coating_safe,,True,Faz3 extract,medium,…il & polisaj adımı atlanabilir. • Son Yağ Alma – GYEON Q²M Prep veya INNOVACAR D2 Check ile panel panel silin. 2. Seramik…
phase3a-MGPS-6046R-confidence_level-1,product.specs,MGPS-6046R,specs.confidence_level,,medium,Faz3 extract,low,"…ler. Geleneksel kil hamuruna göre daha geniş çalışma yüzeyi sunar, yıkanabilir kauçuk-polimer kil tabakasıyla 40+ detay döngü…"
phase3a-MGPS-6046R-pre_coating_safe-1,product.specs,MGPS-6046R,specs.pre_coating_safe,,True,Faz3 extract,medium,…için ideal mikrofiber bez. • INNOVACAR D2 Check veya Gyeon Prep – Kil sonrası yağ ve kimyasal kalıntıları temizler. Sıkça…
phase3a-MGPS-6009P-confidence_level-1,product.specs,MGPS-6009P,specs.confidence_level,,medium,Faz3 extract,low,…se bile yalnızca durulayıp kaldığınız yerden devam etmenizi sağlar. Geleneksel kil hamuruna göre 4 kata kadar daha uzun ömürlü…
phase3a-MGPS-6009P-application_method-1,product.specs,MGPS-6009P,specs.application_method,,hand,Faz3 extract,medium,…i ve çapraz hareketlerle gezdirin. o Yüzey pürüzsüzleşince mikrofiber bezle kaydırıcı artıklarını silin. 5. Temizlik & Saklama o Kil…
phase3a-MGPS-6009P-pre_coating_safe-1,product.specs,MGPS-6009P,specs.pre_coating_safe,,True,Faz3 extract,medium,"…ipe 40x40cm – Son silme ve kurutma için ideal. • GYEON Q2M PREP – Kil sonrası yağ, silikon ve kimyasal kalıntı gidermek için…"
phase3a-MGPS-6012K-confidence_level-1,product.specs,MGPS-6012K,specs.confidence_level,,medium,Faz3 extract,low,"…devirli salınımıyla 4 kata kadar daha hızlı dekontaminasyon sağlar. Yüksek teknolojili polimer kauçuk tabaka; zift, sertleşmiş…"
phase3a-MGPS-6016P-confidence_level-1,product.specs,MGPS-6016P,specs.confidence_level,,medium,Faz3 extract,low,…ldiven formu sayesinde kaygan yüzeyde bile güvenli kullanım sunar; düşürüp kili ziyan etme riski yoktur. 20–40 kullanım ömrüy…
phase3a-MGPS-6016P-application_method-1,product.specs,MGPS-6016P,specs.application_method,,hand,Faz3 extract,medium,"…da yıkayın, kirleri akıtın. 6. Kurulama & Koruma o Paneli mikrofiber bezle silin, ardından wax veya seramik kaplama uygulayın. Dikkat…"
phase3a-MGPS-6031B-P-confidence_level-1,product.specs,MGPS-6031B-P,specs.confidence_level,,medium,Faz3 extract,low,"…anabilir ve defalarca kullanılabilir, uzun ömürlü bir çözüm sunar. Teknik Özellikler: • Ölçü: 12 × 9 × 3 cm • Renk: Kırm…"
phase3a-MGPS-6031B-P-pre_coating_safe-1,product.specs,MGPS-6031B-P,specs.pre_coating_safe,,True,Faz3 extract,medium,…için ideal mikrofiber bez. • INNOVACAR D2 Check veya Gyeon Prep – Kil sonrası yağ ve kimyasal kalıntıları giderir. Sıkça…
phase3a-MGPS-6045-confidence_level-1,product.specs,MGPS-6045,specs.confidence_level,,medium,Faz3 extract,low,"…lıntısı ve su lekelerini tek adımda güvenle temizlemek için geliştirilmiş, ince-grade polimer kaplı sünger bloktur. 10 × 6 × 3 cm kom…"
phase3a-MGPS-6045-outdoor_use-1,product.specs,MGPS-6045,specs.outdoor_use,,True,Faz3 extract,medium,…k • İlk kullanımdan önce ılık suyla durulayın. • Doğrudan güneş altında veya 60 °C üzeri sıcaklıklarda bırakmayın. • Solvent bazlı…
phase3a-MGPS-6046F2R-confidence_level-1,product.specs,MGPS-6046F2R,specs.confidence_level,,medium,Faz3 extract,low,"…aşıyan yedek ped seti, pratik kullanım ve uzun ömürlü çözüm sunar. Her biri 12×8 cm ölçülerindeki kauçuk-polimer kil tabakalı…"
phase3a-MGPS-6046F2R-application_method-1,product.specs,MGPS-6046F2R,specs.application_method,,hand,Faz3 extract,medium,…uygulayın. 4. Kontrol & Temizlik Bölge pürüzsüzleştiğinde mikrofiber bezle silin; pedi nötr şampuanla yıkayıp kurutun. Kullanım Sen…
phase3a-MGPS-6046F2R-pre_coating_safe-1,product.specs,MGPS-6046F2R,specs.pre_coating_safe,,True,Faz3 extract,medium,…Yüzeyi çizmeden silmek için. • INNOVACAR D2 Check / Gyeon Prep – Kil sonrası yağ ve kimyasal kalıntıları kaldırır. Sıkça…
phase3a-700210-confidence_level-1,product.specs,700210,specs.confidence_level,,medium,Faz3 extract,low,…kulu kiraz aroması sayesinde atölye içinde konforlu çalışma sunar. ANA ÖZELLİKLER | FRA-BER KO IRON Ürün Özellikleri •…
phase3a-700210-application_method-1,product.specs,700210,specs.application_method,,hand,Faz3 extract,medium,…Bol su veya yüksek basınçla tamamen arındırın. 6. Panel Panel İlerleyin: Kaporta dekontaminasyonunda akıntı izini önler. K…
phase3a-700210-indoor_use-1,product.specs,700210,specs.indoor_use,,True,Faz3 extract,medium,"…kmadan tutunur, düşük sülfür kokulu kiraz aroması sayesinde atölye içinde konforlu çalışma sunar. ANA ÖZELLİKLER | FRA-BER KO I…"
phase3a-700210-outdoor_use-1,product.specs,700210,specs.outdoor_use,,True,Faz3 extract,medium,"…atları 1. Hazırlık: Yüzey serin ve kuru olmalı; doğrudan güneş altında çalışmayın. 2. Püskürtme: Şişeyi çalkalayın, hedef bölgeye…"
phase3a-71110-confidence_level-1,product.specs,71110,specs.confidence_level,,medium,Faz3 extract,low,"…esinde oluşan beton, harç ve çimento lekelerini çözmek için geliştirilmiş FRA-BER Lava Cemento Forte'yu sunuyoruz. Bu üstün formülasy…"
phase3a-700888-confidence_level-1,product.specs,700888,specs.confidence_level,,medium,Faz3 extract,low,"…ahiptir. Jantlarınızın her zaman ilk günkü gibi görünmesini sağlar. FRA-BER Lega Acido'nun etkinliği, en zorlu temizlik görevl…"
phase3a-70864-confidence_level-1,product.specs,70864,specs.confidence_level,,medium,Faz3 extract,low,"…arlatır ve antioksidan film ile uzun süre temiz kalmalarını sağlar. Asidik olmayan formülü sayesinde kaplama, boya ve bijonlar…"
phase3a-70864-application_method-1,product.specs,70864,specs.application_method,,hand,Faz3 extract,medium,…urumasına izin vermeyin. 4. Opsiyonel Fırçalama: Orta sert fırça ile kirleri gevşetin. 5. Durulama: Tercihen yüksek basınçlı su…
phase3a-70864-outdoor_use-1,product.specs,70864,specs.outdoor_use,,True,Faz3 extract,medium,…lar UYARILAR VE DEPOLAMA • Sıcak jant veya doğrudan güneş altında uygulamayınız. • Kurumasına izin vermeyiniz; uzun süre bek…
phase3a-76006-confidence_level-1,product.specs,76006,specs.confidence_level,,medium,Faz3 extract,low,…ürünüdür. Yüzeylerinizi yıpratmadan derinlemesine temizlik sağlar ve aracınızın görünümünü korur ve parlatır.
phase3a-76008-confidence_level-1,product.specs,76008,specs.confidence_level,,medium,Faz3 extract,low,…veya plastik parçalarına zarar vermeden etkili bir temizlik sağlar. Hem profesyonel hem de bireysel kullanım için uygundur.…
phase3a-Q2M-BGYA1000M-confidence_level-1,product.specs,Q2M-BGYA1000M,specs.confidence_level,,medium,Faz3 extract,low,"…adımda söker; seramik kaplama, wax ve plastiklerde tam uyum sağlar. Öne Çıkan Özellikler > Hızlı Böcek Çözme — Kurumuş…"
phase3a-Q2M-CLR500M-skill_level-1,product.specs,Q2M-CLR500M,specs.skill_level,,both,Faz3 extract,medium,GYEON Q²M Clay Lube REDEFINED Kil Kaydırıcı Yoğun Konsantre…
phase3a-Q2M-IR4000M-confidence_level-1,product.specs,Q2M-IR4000M,specs.confidence_level,,medium,Faz3 extract,low,"…• Jel Kıvamı — Dikey panellere tutunur, uzun çalışma süresi sağlar ve minimum fırçalama gerektirir. • Kaygan Formül — Kimyasa…"
phase3a-Q2M-IR4000M-pre_coating_safe-1,product.specs,Q2M-IR4000M,specs.pre_coating_safe,,True,Faz3 extract,medium,…nt fırçası Jel formülü jant girintilerine iletir GYEON Q²M Prep Yağ & kimyasal kalıntı giderici Iron artığını cilaya geçmede…
phase3a-Q2M-IWCR4000M-confidence_level-1,product.specs,Q2M-IWCR4000M,specs.confidence_level,,medium,Faz3 extract,low,"…Yüzeyde akmaz, uzun temas süresiyle derinlemesine temizlik sunar. > pH-Nötr — Tüm jant kaplamalarına, boyalı veya toz boyal…"
phase3a-Q2M-IWCR4000M-application_method-1,product.specs,Q2M-IWCR4000M,specs.application_method,,hand,Faz3 extract,medium,…amlayıcı Ürünler Ürün Amaç Uyum Q²M WheelBrush İnce tel fırça ile derin temizlik Ağır kir ve toz çözmede destekçi Q²M WheelM…
phase3a-Q2M-PYA4000M-confidence_level-1,product.specs,Q2M-PYA4000M,specs.confidence_level,,medium,Faz3 extract,low,"…tatik Yüzey — Toz tutulumunu azaltır, temiz uygulama ortamı sağlar. > Tüm Yüzeylerde Güvenli — Boya, cam, plastik, jant, meta…"
phase3a-Q2M-PYA4000M-pre_coating_safe-1,product.specs,Q2M-PYA4000M,specs.pre_coating_safe,,True,Faz3 extract,medium,GYEON Q²M Prep Seramik PPF Folyo Kaplama Öncesi Yüzey Hazırlayıcı ve Temizl…
phase3a-Q2M-PYA4000M-indoor_use-1,product.specs,Q2M-PYA4000M,specs.indoor_use,,True,Faz3 extract,medium,"…dk içinde; toz ve parmak izi oluşmadan kaplamaya geçin. Q: İç mekânda da kullanabilir miyim? A: Evet; piano black plastik, met…"
phase3a-Q2M-TR4000M-confidence_level-1,product.specs,Q2M-TR4000M,specs.confidence_level,,medium,Faz3 extract,low,…enle sökerken seramik kaplama ve hassas yüzeylerde tam uyum sağlar. Öne Çıkan Özellikler > Derin Katran Çözme — Asfalt…
phase3a-Q2M-TR4000M-indoor_use-1,product.specs,Q2M-TR4000M,specs.indoor_use,,True,Faz3 extract,medium,"…ları tek adımda söker. • LOW VOC & Sağlığa Dost – Az koku, kapalı alanda konfor. • Zamandan Tasarruf – Kil süresini kısaltır, hız…"
phase3a-Q2M-TOTR1000M-pre_coating_safe-1,product.specs,Q2M-TOTR1000M,specs.pre_coating_safe,,True,Faz3 extract,medium,…o Kalan beading/hidrofobi varsa adımı tekrarlayın veya Q²M Prep ile son pas geçin. o Mat yüzeylerde kurulamadan doğal kuruma…
phase3a-Q2M-WSYA1000M-skill_level-1,product.specs,Q2M-WSYA1000M,specs.skill_level,,diy,Faz3 extract,medium,GYEON Q²M WaterSpot Kireç Çözücü Cam Su Lekesi Temizleyici Ç…
phase3a-Q2M-WSYA1000M-confidence_level-1,product.specs,Q2M-WSYA1000M,specs.confidence_level,,medium,Faz3 extract,low,"…ırır. > Yüksek Temizlik Gücü — pH 2 asidik yapı 10/10 etki sunar. > Çok Yönlü Kullanım — Boya, cam, plastik, krom ve trimle…"
phase3a-Q2M-WSYA1000M-pre_coating_safe-1,product.specs,Q2M-WSYA1000M,specs.pre_coating_safe,,True,Faz3 extract,medium,…ON Q²M BaldWipe Son silme Asit uyumlu mikrofiber GYEON Q²M Prep Yağ sökücü Kaplama öncesi final GYEON Q²M Bathe+ pH nötr şa…
phase3a-701350-skill_level-1,product.specs,701350,specs.skill_level,,diy,Faz3 extract,medium,…k veya Kuru Uygulama: Su bazlı yapısıyla her iki durumda da kolay kullanım sunar. Ortalama Tüketim: • Tüm araç için: 150 ml • Panel…
phase3a-701350-confidence_level-1,product.specs,701350,specs.confidence_level,,medium,Faz3 extract,low,…lastik ve polikarbonat yüzeylerde yoğun bir dekontaminasyon sağlar. • Koruyucu Katman Sökücüsü: Yüzeydeki yaşlı seramik veya…
phase3a-701350-application_method-1,product.specs,701350,specs.application_method,,hand,Faz3 extract,medium,…rkaç dakika bekletin. 4. Mikrofiber aplikatör veya yumuşak fırça ile dikey-yatay hareketlerle yaydırın. 5. Bol su ile (tercihen…
phase3a-701350-outdoor_use-1,product.specs,701350,specs.outdoor_use,,True,Faz3 extract,medium,"…Saf olarak kullanılır. Uyarılar: • Sıcak yüzeylerde ve güneş altında uygulamayın. • Ürünü yüzeyde kurutmayın. • Aşırı hassas,…"
phase3a-79291-skill_level-1,product.specs,79291,specs.skill_level,,diy,Faz3 extract,medium,INNOVACAR D1 IRON Demir Tozu Çözücü PH Nötr Konsantre – 500…
phase3a-79291-confidence_level-1,product.specs,79291,specs.confidence_level,,medium,Faz3 extract,low,"…pH nötr formülüyle hassas yüzeylerde dahi güvenli kullanım sağlar. • Ferrous Kalıntı Temizliği: Fren balataları, ray tozu ve…"
phase3a-79291-application_method-1,product.specs,79291,specs.application_method,,hand,Faz3 extract,medium,"…dakika bekleyin. Ürün morlaşacaktır. • Mikrofiber bez veya fırça ile çalışın, ardından bol su ile durulayın. 2. Hafif Kirlenm…"
phase3a-79292-confidence_level-1,product.specs,79292,specs.confidence_level,,medium,Faz3 extract,low,"…ama uygulamalarında yüzeyi en doğru şekilde hazırlamak için geliştirilmiş alkol bazlı, yavaş buharlaşan, yüksek etkili bir yağ ve mum…"
phase3a-79292-pre_coating_safe-1,product.specs,79292,specs.pre_coating_safe,,True,Faz3 extract,medium,"…i Konsantre – 500 ml INNOVACAR D2 CHECK’İN FAYDALARI | Kaplama Öncesi Temizlik, Kusursuz Uyum Innovacar D2 Check, seramik ve nano ka…"
phase3a-79293-confidence_level-1,product.specs,79293,specs.confidence_level,,medium,Faz3 extract,low,"…ramik kaplama öncesi uygulamalar için ideal yüzey hazırlığı sağlar • Etiket, film, PPF yapışkanı kalıntılarının temizliğinde…"
phase3a-79293-application_method-1,product.specs,79293,specs.application_method,,hand,Faz3 extract,medium,"…siyon süresi tanıyın. Kurumasına izin vermeyin. 5. Yumuşak mikrofiber bezle kalıntıyı silin veya bol su ile durulayın. 6. Gerekirse, i…"
phase3a-MGPS-2019KH-skill_level-1,product.specs,MGPS-2019KH,specs.skill_level,,both,Faz3 extract,medium,"Fabrikasyon boya kalıntıları, kalın zift birikintileri, fren…"
phase3a-MGPS-2019KH-confidence_level-1,product.specs,MGPS-2019KH,specs.confidence_level,,medium,Faz3 extract,low,"…ad tıkanmasını önler, daha yüksek parlaklık elde edilmesini sağlar. • Boya Overspray & Zift Temizliği Boya sisleri ve kalın…"
phase3a-MGPS-2019KH-application_method-1,product.specs,MGPS-2019KH,specs.application_method,,hand,Faz3 extract,medium,…katlayıp temiz yüzeyi ortaya çıkarın. 5. Silme & Kontrol Mikrofiber bezle paneli kurulayın; gerekirse işlemi tekrarlayın. 6. Yüzey F…
phase3a-MGPS-2019KM-confidence_level-1,product.specs,MGPS-2019KM,specs.confidence_level,,medium,Faz3 extract,low,…• Tek Parça 100 g – Yeterli yüzey alanı ve pratik kullanım sağlar. Detaylı Kullanım ve Uygulama Rehberi: 1. Araç Yıkama…
phase3a-MGPS-2019KM-application_method-1,product.specs,MGPS-2019KM,specs.application_method,,hand,Faz3 extract,medium,…etlerle kaydırın. o Pütür hissi kaybolunca panel temizdir; mikrofiber bezle silin. 4. Kili Yenileme Kir biriktikçe kili katlayıp temi…
phase3a-78156-skill_level-1,product.specs,78156,specs.skill_level,,diy,Faz3 extract,medium,"…iliğinize uygun araç kokusudur. Bean'inizi yaşam tarzınıza, hobilerinize veya en sevdiğiniz renge uyacak şekilde seçin. Bal…"
phase3a-76385-outdoor_use-1,product.specs,76385,specs.outdoor_use,,True,Faz3 extract,medium,"Bean Casual Açık havayı, serinletici ve ferahlatıcı narenciye kokularını, aromati…"
phase3a-76283-skill_level-1,product.specs,76283,specs.skill_level,,diy,Faz3 extract,medium,"…iliğinize uygun araç kokusudur. Bean'inizi yaşam tarzınıza, hobilerinize veya en sevdiğiniz renge uyacak şekilde seçin. Bal…"
phase3a-76386-indoor_use-1,product.specs,76386,specs.indoor_use,,True,Faz3 extract,medium,"…ici bir koku difüzörüdür. Bu hoş kokulu difüzör, aracınızın iç mekanında zarif ve sofistike bir atmosfer yaratır. Aracınızın ha…"
phase3a-78157-skill_level-1,product.specs,78157,specs.skill_level,,diy,Faz3 extract,medium,"…liğinize uygun araç kokusudur. Bean'inizi yaşam tarzınıza, hobilerinize veya en sevdiğiniz renge uyacak şekilde seçin. B…"
phase3a-76384-skill_level-1,product.specs,76384,specs.skill_level,,diy,Faz3 extract,medium,"…racınızın iç mekanında ferah ve canlı bir atmosfer yaratır. Kolay kullanımı sayesinde, sadece havalandırma kanallarına yerleştirerek a…"
phase3a-76384-indoor_use-1,product.specs,76384,specs.indoor_use,,True,Faz3 extract,medium,"…üdür. Açık mavi rengi ve yoğun, dolgun kokusuyla aracınızın iç mekanında ferah ve canlı bir atmosfer yaratır. Kolay kullanımı sa…"
phase3a-76280-skill_level-1,product.specs,76280,specs.skill_level,,diy,Faz3 extract,medium,"…iliğinize uygun araç kokusudur. Bean'inizi yaşam tarzınıza, hobilerinize veya en sevdiğiniz renge uyacak şekilde seçin. Bal…"
phase3a-78158-skill_level-1,product.specs,78158,specs.skill_level,,diy,Faz3 extract,medium,"…iliğinize uygun araç kokusudur. Bean'inizi yaşam tarzınıza, hobilerinize veya en sevdiğiniz renge uyacak şekilde seçin. Bal…"
phase3a-701610-confidence_level-1,product.specs,701610,specs.confidence_level,,medium,Faz3 extract,low,"…aze ve ferah bir atmosfer yaratır, yeni yıkanmış araç hissi sunar. • Kullanıma Hazır Formül: Ürün saf kullanılır. Ekstra ka…"
phase3a-74436-confidence_level-1,product.specs,74436,specs.confidence_level,,medium,Faz3 extract,low,"…ma sistemleri ve kapalı alan yüzeylerinde kullanılmak üzere geliştirilmiş tek kullanımlık ""one-shot"" hijyen spreyidir. Yüksek oranda…"
phase3a-74436-indoor_use-1,product.specs,74436,specs.indoor_use,,True,Faz3 extract,medium,"…R Deotex Plus, araç içi hava kanalları, klima sistemleri ve kapalı alan yüzeylerinde kullanılmak üzere geliştirilmiş tek kullanımlı…"
phase3a-76762-confidence_level-1,product.specs,76762,specs.confidence_level,,medium,Faz3 extract,low,"…aşamalı bir esans yaymaya devam eder, uzun süreli bir etki sağlar. Kokunun kademeli yayılması, tüm tonlarını aşırıya kaçmadan…"
phase3a-Q2M-OR500M-cure_time_hours-1,product.specs,Q2M-OR500M,specs.cure_time_hours,,48,Faz3 extract,medium,…çıp 5 dk taze hava aldırın. 7. Tekrar – Şiddetli kokularda 48 saat sonra ikinci bir uygulama yapın. Kullanım Alanları • Otom…
phase3a-Q2M-OR500M-confidence_level-1,product.specs,Q2M-OR500M,specs.confidence_level,,medium,Faz3 extract,low,"…tır. > Aylarca Etki — 2–3 ay boyunca sürekli koku kontrolü sağlar. > Çok Yönlü Kullanım — Kumaş, halı, döşeme, hava kanallar…"
phase3a-Q2M-OR500M-application_method-1,product.specs,Q2M-OR500M,specs.application_method,,hand,Faz3 extract,medium,…lanılır? 1. Hazırlık – İç mekânı vakumlayın ve yüzeyleri mikrofiber bezle silin. 2. Şişeyi Çalkalayın – Aktif parçacıkların homojen…
phase3a-Q2M-OR500M-indoor_use-1,product.specs,Q2M-OR500M,specs.indoor_use,,True,Faz3 extract,medium,"…ı maskelemek yerine kaynağında yok eden su bazlı formülüyle iç mekânınızı aylarca taze tutar. 0 doğal, alkolsüz ve çocuk-&evcil…"
phase3a-Q2M-ORP4P-confidence_level-1,product.specs,Q2M-ORP4P,specs.confidence_level,,medium,Faz3 extract,low,"…klar & evcil hayvanlar için güvenli, aylarca süren ferahlık sunar. Öne Çıkan Özellikler > Aktif Partikül Teknolojisi…"
phase3a-Q2M-ORP4P-indoor_use-1,product.specs,Q2M-ORP4P,specs.indoor_use,,True,Faz3 extract,medium,"…bini, ev, ofis, gardırop, yat, karavan… > Kokusuz Formül — İç mekânın doğal kokusunu değiştirmez. Teknik Bilgiler Param…"
phase3a-79415-confidence_level-1,product.specs,79415,specs.confidence_level,,medium,Faz3 extract,low,…küf kokularında etkilidir • Enzim bazlı – biyolojik çözüm sağlar • Kalıcı ferah koku etkisi • Araç içi temizlik sonrası mü…
phase3a-79415-application_method-1,product.specs,79415,specs.application_method,,hand,Faz3 extract,medium,"…. Sert yüzeylerde (plastik, vinil, deri) püskürtün ve temiz mikrofiber bezle silin. 6. Olağanüstü temizlik (örneğin: süt sızıntısı sonr…"
phase3a-79415-indoor_use-1,product.specs,79415,specs.indoor_use,,True,Faz3 extract,medium,…zlenmesi • Profesyonel detay sonrası son dokunuş olarak • İç mekanda tekstil veya plastik yüzeylerde oluşan kötü kokuların yok…
phase3a-EF1212-confidence_level-1,product.specs,EF1212,specs.confidence_level,,medium,Faz3 extract,low,…a hem etkili hem de göz alıcı bir hava temizleyici deneyimi sunar. İtalya’nın zarif zanaatkarlığı ile üretilen bu özel ürün i…
phase3a-IF1414-confidence_level-1,product.specs,IF1414,specs.confidence_level,,medium,Faz3 extract,low,…ve Alkol İçermez: Güvenli ve sağlıklı bir kullanım deneyimi sunar. 4. Kontrollü Salınım Teknolojisi: Kokunun ortamda dengeli…
phase3a-EF0303-confidence_level-1,product.specs,EF0303,specs.confidence_level,,medium,Faz3 extract,low,"…ı bir enerji katar. Hem sofistike hem de modern bir deneyim sunarak, bulunduğu ortamın havasını tamamen değiştirir. Little Jo…"
phase3a-LE3739-durability_months-1,product.specs,LE3739,specs.durability_months,,1.5,Faz3 extract,medium,"…rahlatan bir atmosfere dönüştürür. Ürün Özellikleri • 45 Gün Kalıcılık: Tatlı meyve aromalarının ferahlatıcı etkisi, uzun süre boy…"
phase3a-LE3739-confidence_level-1,product.specs,LE3739,specs.confidence_level,,medium,Faz3 extract,low,"…enk Seçeneği: Çift ürün kombinasyonu, dekoratif bir görünüm sağlar. • Toksik ve Alkol İçermez: Sağlıklı kullanım sunar, çevre…"
phase3a-LE3801-durability_months-1,product.specs,LE3801,specs.durability_months,,1.5,Faz3 extract,medium,"…eğiyle her detayıyla göz doldurur. Ürün Özellikleri • 45 Gün Kalıcılık: Sunshine Bliss, özel formülü sayesinde uzun süre tazeliğin…"
phase3a-LE3801-confidence_level-1,product.specs,LE3801,specs.confidence_level,,medium,Faz3 extract,low,"…Çift ürün kombinasyonu, estetik ve dekoratif bir görsellik sunar. • Toksik ve Alkol İçermez: Güvenli ve sağlıklı bir kullan…"
phase3a-JS0458-skill_level-1,product.specs,JS0458,specs.skill_level,,diy,Faz3 extract,medium,Little Joe Pump Spray Baharatlı: Baharatların Büyüleyici Aro…
phase3a-JS0458-confidence_level-1,product.specs,JS0458,specs.confidence_level,,medium,Faz3 extract,low,…pompa tasarımı sayesinde dilediğiniz yerde anında ferahlık sunar. Teknik Özellikler • Boyut: 185 x 82 x 38 mm • Hacim…
phase3a-PS0313-skill_level-1,product.specs,PS0313,specs.skill_level,,diy,Faz3 extract,medium,…Doğal içeriklerle hafif ve etkileyici bir koku deneyimi. • Kolay Kullanım: Hafif tasarımı sayesinde her yere kolayca asılabilir. T…
phase3a-PS0313-confidence_level-1,product.specs,PS0313,specs.confidence_level,,medium,Faz3 extract,low,…alınım teknolojisi sayesinde uzun süre etkili koku deneyimi sunar. Her ortamda kullanıma uygun tasarımıyla dikkat çeker ve 30…
phase3a-EF1313-confidence_level-1,product.specs,EF1313,specs.confidence_level,,medium,Faz3 extract,low,"…Hissi Little Joe Çiçek, çiçeklerin saf ve doğal kokusunu sunarak bulunduğunuz ortamı taze ve ferah bir hale getirir. Bu eş…"
phase3a-JS1360-skill_level-1,product.specs,JS1360,specs.skill_level,,diy,Faz3 extract,medium,"…ve ferahlatıcı bir başlangıç sunan özel bir oda kokusudur. Kolay kullanımı ve zarif tasarımıyla dikkat çeken bu ürün, bulunduğunuz he…"
phase3a-JS1360-confidence_level-1,product.specs,JS1360,specs.confidence_level,,medium,Faz3 extract,low,…aratır. • Ev: Misafirleriniz için huzurlu ve hoş bir ortam sağlar. • Ofis: Çalışma alanlarınızı canlandırır ve ferahlatır.…
phase3a-IF1111-confidence_level-1,product.specs,IF1111,specs.confidence_level,,medium,Faz3 extract,low,"…lar Çilek kokusu, taze çileğin tatlı ve canlı notalarını sunarak bulunduğunuz ortamı neşeli bir atmosfere dönüştürür. Hem…"
phase3a-IF3243-confidence_level-1,product.specs,IF3243,specs.confidence_level,,medium,Faz3 extract,low,"…ferah elma kokusuyla çevrenizi canlandırır ve tazelik hissi sunar. Özgün tasarımı ve uzun süreli etkisiyle, yalnızca ortamını…"
phase3a-IF0453-confidence_level-1,product.specs,IF0453,specs.confidence_level,,medium,Faz3 extract,low,"…üre kalıcı etkisiyle hem görsel hem de işlevsel bir deneyim sunar. Elma ve tarçın aromalarının birleşimi, tatlı ve baharatlı…"
phase3a-IF0453-indoor_use-1,product.specs,IF0453,specs.indoor_use,,True,Faz3 extract,medium,…r yaş grubuna uygundur. 4. Pratik ve Çok Amaçlı: Her türlü iç mekan ve araç için ideal. 5. Estetik Görünüm: Zarif tasarımı ile…
phase3a-JS0859-confidence_level-1,product.specs,JS0859,specs.confidence_level,,medium,Faz3 extract,low,"…da canlılık ve enerji yaratan eşsiz bir oda kokusu deneyimi sunar. Limon, taze meyve ve doğal aromaların birleşimiyle tasarla…"
phase3a-SJ0402-durability_months-1,product.specs,SJ0402,specs.durability_months,,1.5,Faz3 extract,medium,…eni Araba Kokusunun Avantajları 1. Uzun Süreli Kullanım: 45 güne kadar kalıcılık sağlayan etkili formülüyle aracınızda uzun süreli bir tazel…
phase3a-SJ0402-skill_level-1,product.specs,SJ0402,specs.skill_level,,diy,Faz3 extract,medium,Little Joe Soccer Yeni Araba: Yeni Araba Hissi Sevenler İçin…
phase3a-SJ0402-confidence_level-1,product.specs,SJ0402,specs.confidence_level,,medium,Faz3 extract,low,"…bu ürün, araba severlerin favorisi olmaya aday. Özel olarak geliştirilmiş formülü, showroom temizliğindeki o taze kokuyu 45 gün boyun…"
phase3a-EF4064-confidence_level-1,product.specs,EF4064,specs.confidence_level,,medium,Faz3 extract,low,"…el ürün, araçlar ve yaşam alanları için mükemmel bir tercih sunar. İtalya’nın üstün kalite anlayışıyla üretilmiş bu hava temi…"
phase3a-EF3963-confidence_level-1,product.specs,EF3963,specs.confidence_level,,medium,Faz3 extract,low,"…Kapuçino kokusu, taze demlenmiş kahvenin zengin aromalarını sunarak sizi her an kahve keyfi yaşatır. Bu büyüleyici aroma hem…"
phase3a-EF1616-confidence_level-1,product.specs,EF1616,specs.confidence_level,,medium,Faz3 extract,low,…. 3. Toksik ve Alkol İçermez: Güvenli ve sağlıklı kullanım sunar. 4. Kontrollü Koku Yayılımı: Dengeli salınım teknolojisi s…
phase3a-PS0404-skill_level-1,product.specs,PS0404,specs.skill_level,,diy,Faz3 extract,medium,…Alkol İçermez: Doğal ve hassas bir koku deneyimi sunar. • Kolay Kullanım: Asma karton tasarımı sayesinde her yerde pratik bir şekild…
phase3a-PS0404-confidence_level-1,product.specs,PS0404,specs.confidence_level,,medium,Faz3 extract,low,"…ma karton koku hem ferahlık hem de enerji dolu bir atmosfer sağlar. Aracınızda, evinizde ya da ofisinizde nostaljik ve doğal b…"
phase3a-IF0404-confidence_level-1,product.specs,IF0404,specs.confidence_level,,medium,Faz3 extract,low,"…tazeler. Bu eşsiz koku, her kullanıcısına özel bir deneyim sunar. Neden Little Joe Kiraz’ı Tercih Etmelisiniz? 1. Tatl…"
phase3a-SC2304-durability_months-1,product.specs,SC2304,specs.durability_months,,1.5,Faz3 extract,medium,"…e, tekneden ofise kadar her ortamda etkili bir çözüm sunar. 45 güne kadar etkili olan uzun ömürlü kokusuyla mekanlarınıza uzun süreli tazelik katarken, ben…"
phase3a-SC2304-confidence_level-1,product.specs,SC2304,specs.confidence_level,,medium,Faz3 extract,low,"…d Kiraz, alkol ve toksik madde içermeyen güvenli formülüyle öne çıkar. Kullanım kolaylığı sağlayan polimer kart tasarımı sayesind…"
phase3a-EF1515-confidence_level-1,product.specs,EF1515,specs.confidence_level,,medium,Faz3 extract,low,…s gösterir. Her kullanımda temiz ve yenileyici bir atmosfer sunar. Neden Little Joe Koku Giderici’yi Seçmelisiniz? 1. K…
