Product Name,Barcode,Product Description,Product Description_1,Product Description_2,Product Description_3,Product Name Eng,URL,URL 1,URL 2,URL 3,URL 4,URL 5
Fra-Ber Lava Interni Ultra Yoğun Konsantre Detaylı Kumaş Temizleyici (1:100 Konsantre) - 5 kg,71676,,,,,,,,,,,
"Innova Car Innovacar Sp1 Prewash Enzimli Ön Yıkama Şampuanı Konsantre - 4,54 Lt",79281,,,,,,,,,,,
Gyeon Q2M Dispenser Bottle - Dağıtıcı Şişe 300ML,Q2M-P-DB300M,,,,,,,,,,,
Gyeon Q²m Eco Wash Seramik Katkılı Susuz Yıkama Yüzey Temizleyici ve Parlatıcı Cila - 500 ml,Q2M-EW500M,,,,,,,,,,,
Fra-Ber Lavavetro Estıvo Cam Suyu Katkısı Parfümlü - 250 ml,701605,,,,,,,,,,,
Fra-Ber Ultra Foam Yoğun Köpüklü Cilalı Ön Yıkama Şampuanı - 5 Kg,701980,,,,,,,,,,,
Gyeon Quartz Q1 Premium Maskeleme Bantı 36mm x 50 mm 1 Adet,MT13650M,,,,,,,,,,,
Fra-Ber Det Leather Araç Deri Koltuk Temizleyici ve Bakım – 750 ml,71132,,,,,,,,,,,
Fra-Ber Lustradry Susuz Yüzey Temizleyici ve Parlatıcı - 750 ml,75016,,,,,,,,,,,
Gyeon Q²m Clay Coarse Evo Agresif Yüzey Temizleyici Kil Hamuru - 100 gr -Kimyasala Dayanıklı,Q2M-CCE,,,,,,,,,,,
Menzerna Ağır Kesim Kalın Pasta Süngeri 2li Paket (Kırmızı) - 95MM,26907.099.001,,,,,,,,,,,
Fra-Ber Camper Wash Karavan Şampuanı Siyah Leke Giderici Konsantre - 1000 ml,701851,,,,,,,,,,,
Gyeon Q²m Ppf Slip Ppf Folyo Montaj Yapıştırma Sıvısı Yoğun Konsantre - 1000 ml,Q2M-PPFSL1000M,,,,,,,,,,,
Menzerna One Step Polish 3 in 1 Hepsi Bir Arada Pasta-Cila 1 Lt,22748.261.001,,,,,,,,,,,
Innovacar Ds Scale Asidik Temizleyici ve Kireç Sökücü Şampuan Konsantre - 1 Lt,79290,,,,,,,,,,,
Fra-Ber Poker Yüksek Konsantre Fırçasız Ön Yıkama Şampuanı ve Yağ Çözücü (1:100 Konsantre),70942,,,,,,,,,,,
Menzerna Heavy Cut AS30 Pasta 1 kg,14992.203.001,,,,,,,,,,,
Fra-Ber Kimyasala Dayanıklı Basınçlı Pompa - 2 Lt,700743,,,,,,,,,,,
Gyeon Q² Mohs Evo Light Box Seramik Kaplama - 30 ml - 9h Oto Boya Koruma-Su Itici,Q2-MLE30M,,,,,,,,,,,
Menzerna Power Lock Ultimate Protection-Üstün Boya Koruma 250 ml,22070.281.001,,,,,,,,,,,
Menzerna 495P Parlatıcı Katı Cila Beyaz Plastik Kompozit Değerli Metaller Boyalı Yüzey Parlatıcı,07006.056.001,,,,,,,,,,,
Gyeon Q²m Bathe Ph Nötr Cilalı Oto Şampuanı - 4000 ml -Yüksek Konsantre Jel Araç Yıkama Köpük,Q2M-BYA4000M,,,,,,,,,,,
Fra-Ber Gommalux Uzun Süreli Lastik Parlatıcı ve Koruyucu Sprey - 750 ml,70868,,,,,,,,,,,
Gyeon Q²m Silkdryer Evo Mikrofiber Kurulama Havlusu 50X55 cm,HBCV0000797PKN,,,,,,,,,,,
Gyeon Q²m Compound+ Plus Redefıned Ağır Çizik Giderici Kalın Pasta - 120 ml,Q2M-CMPR120M,,,,,,,,,,,
Menzerna GW18 Kesici Katı Cila Bej Plastik Kompozit Boyalı Yüzey Parlatıcı – 1150 gr,12001.056.001,,,,,,,,,,,
Menzerna 3000 Final Finish Hare Giderici Cila 1 Lt,22029.261.001,,,,,,,,,,,
Gyeon Q² QuickView Cam Su Kaydırıcı - 120 ml -Yağmur Kaydırıcı Su İtici,Q2-QV120M,,,,,,,,,,,
"Menzerna Premium Kuzu Yünü Polisaj Keçesi 90 Mm/3,5""",26913.099.001,,,,,,,,,,,
Gyeon Q² Purifymaintain Antibakteriyel Yüzey Temizlik ve Bakım Spreyi - 500 ml,Q2M-PM500M,,,,,,,,,,,
Gyeon Q²m Restartwash Seramik Kaplama Ppf Yenileyici Asidik Şampuan - 1000 ml -Konsantre,Q2M-RWYA1000M,,,,,,,,,,,
FRA-BER Lustratouch Boya Koruyucu Ve Parlatıcı - 750 ml,75215,,,,,,,,,,,
Gyeon Q2M Ppf Renew 1000 ml,Q2M-PPR1000M,,,,,,,,,,,
Fra-Ber Polish Plus Aroma Genel Plastik Parlatıcı Koruyucu 750ML,74903,,,,,,,,,,,
Gyeon Q²m Suede Evo Seramik Uygulamaları Için Süet Silme Bezi 10×10CM - 10 Lu Paket,Q2M-SEP1010C,,,,,,,,,,,
Gyeon Q² Trim Evo Plastik Koruyucu ve Solmuş Plastik Yenileyici Seramik Kaplama - 30ML,Q2-TRE30M,,,,,,,,,,,
"Gyeon Q²m Iron Redefined Demir Tozu, Balata Tozu Temizleyici ve Pas Sökücü Ph Nötr - 4000 ml",Q2M-IR4000M,,,,,,,,,,,
Gyeon Q²m Foam Araç Ön Yıkama Şampuanı Konsantre - 4000 ml - Yoğun Köpüklü Prewash Snow Foam,Q2M-FYA4000M,,,,,,,,,,,
Gyeon Q²m Odorremover Kötü Koku Giderici Sprey - 500 ml -Çok Amaçlı Geniş Alan Kokusu,Q2M-OR500M,,,,,,,,,,,
Gyeon Q²m Restartwash Konsantre Yüzey Yenileyici Şampuan 1000 ml,Q2M-RW1000M,,,,,,,,,,,
Fra-Ber X-Xs Güçlü Ön Yıkama Köpüğü ve Sinek Böcek Temizleyici (1:60 Konsantre) - 25 kg,78784,,,,,,,,,,,
Gyeon Q²m Total Remover Balmumu Wax Cila Çözücü Koruma Sökücü - 500 ml,Q2M-TOTR500M,,,,,,,,,,,
Fra-Ber Gommalux Uzun Süreli Lastik Parlatıcı ve Koruyucu Sprey - 600 ml,70863,,,,,,,,,,,
Gyeon Q²m Steering Wheel Cover Araç Direksiyon Koruyucu Kılıf Siyah - 1 Adet,Q2M-SWCOV,,,,,,,,,,,
"Fra-Ber Cream Leather Deri Bakım ve Koruyucu Parfümlü - 4,54 Lt",700468,,,,,,,,,,,
Fra-Ber X-Xs Güçlü Ön Yıkama Köpüğü ve Sinek Böcek Temizleyici (1:60 Konsantre) - 5 kg,78783,,,,,,,,,,,
Gyeon Q²m Clay Mild Evo Günlük Hafif Yüzey Temizleyici Kil Hamuru - 100 gr -Kimyasala Dayanıklı,Q2M-CME,,,,,,,,,,,
Fra-Ber Kimyasal Dayanıklı Ölçekli Ithal Sprey Başlıklı Şişe (Yeşil) - 1000 ml,79586-644,,,,,,,,,,,
Fra-Ber Bersolwax Seramik Içerikli Yeni Nesil Araç Yıkama Şampuanı - 1000 ml,701003,,,,,,,,,,,
GYEON Q2M Wheel Brush Mikrofiber Jant Fırçası Orta Boy 38 cm,Q2M-BM,,,,,,,,,,,
Gyeon Q2M WheelBrush Large Jant Fırçası,Q2M-BL,,,,,,,,,,,
Innovacar 100% Degreasıng Anti Statik Çok Amaçlı Temizleyici Yağ Çözücü Konsantre - 500 ml,79406,,,,,,,,,,,
Gyeon Q2 One Evo Light Box 100 ml,Q2-OLE100M,,,,,,,,,,,
Gyeon Q2 Primer 1000 ml,Q2-PR1000M,,,,,,,,,,,
Menzerna P14F Orta Kesici Katı Cila Beyaz Alüminyum Pirinç Paslanmaz Tek Adım Parlatıcı – 1300 gr,07163.056.001,,,,,,,,,,,
"Fra-Ber Polish Plus Antistatik Plastik, Trim, Vinil Yenileyici Bakım Spreyi (1:3 Konsantre) - 4.54 Lt",700209,,,,,,,,,,,
Menzerna 3500 Super Finish Plus Hare Giderici 1 Litre,22911.261.001,,,,,,,,,,,
Fra-Ber Fraber Innovacar S2 Foamy Yeşil Renkli Ph-Nötr Şampuan 1 Lt,700508,,,,,,,,,,,
Fra-Ber Mega Conc Shiuma Güçlü Ön Yıkama Köpüğü (1:80 Konsantre) - 25 kg,73575,,,,,,,,,,,
Innovacar N0 Odors Etkili Koku Giderici ve Önleyici - 500 ml,79415,,,,,,,,,,,
Gyeon Q²m Tar Redefıned Zift Katran Reçine Temizleyici ve Yapışkan Sökücü - 1000 ml,Q2M-TR1000M,,,,,,,,,,,
Gyeon Q² Leather Coat Redefıned Deri Yüzeyler Için Bakım ve Koruma - 120 ml,Q2-LCR120M,,,,,,,,,,,
Fra-Ber Kimyasal Dayanıklı Ölçekli Ithal Sprey Başlıklı Şişe (Siyah) - 1000 ml,79588-644,,,,,,,,,,,
Gyeon Q²m Wheelmitt Evo Jantlara Özel Dayanıklı Yıkama Eldiveni - 1250 Gsm,Q2M-WME,,,,,,,,,,,
Cream Leather 750 ml Spray (Deri ve Iç Yüzey Bakım Kremi),70751,,,,,,,,,,,
Menzerna 400 Yeşil Seri Heavy Comp. Ağır Çizik Gid. Pasta 250 ml,22200.281.001,,,,,,,,,,,
Fra-Ber Turbowash B.s Lux Yüksek Performanslı Yağ Sökücü Deterjan (1:80 Konsantre) - 10 kg,74258,,,,,,,,,,,
Gyeon Q2M Suede 20×20 cm,Q2M-S2020C,,,,,,,,,,,
Gyeon Q²m Ppf Lift Ppf Folyo Konumlandırma Yeniden Montaj Sıvısı - 500 ml -Yoğun Konsantre,PPF-L500M,,,,,,,,,,,
Gyeon Q² Fabriccoat Araç Kumaş Koltuk Tente Koruyucu - 400 ml - Seramik Bazlı Nano Su Itici,Q2-FCNA400M,,,,,,,,,,,
Gyeon Q²m Tar Redefıned Zift Katran Reçine Temizleyici ve Yapışkan Sökücü - 4000 ml,Q2M-TR4000M,,,,,,,,,,,
MENZERNA Sealing Wax Boya Koruma Cilası - 1 Lt,22870.261.001,,,,,,,,,,,
Menzerna Krater Kuzu Yünü Polisaj Keçe 220MM/9',26906.099.001,,,,,,,,,,,
Gyeon Quartz Gyeon Q2 Mohs Evo Light Box 50 ml,Q2-MLE50M,,,,,,,,,,,
Fra-Ber Toglimoscerini Sinek Böcek Sökücü Sprey - 750 ml,76008,,,,,,,,,,,
Gyeon Q²m Cure Redefined Araç Boya Koruma ve Bakım Spreyi - 250 ml -Seramik Bazlı Koruyucu Nano,Q2M-CRYA250M,,,,,,,,,,,
Gyeon Q2 Syncro Evo Light Box 50 ml,Q2-SLE50M,,,,,,,,,,,
Menzerna 2200 Medium Cut Polish Orta Der.Çizik Gid.Pasta 1 Lt,22771.261.001,,,,,,,,,,,
Gyeon Q²m Apc Çok Amaçlı Genel Yüzey Temizleyici - 4000 ml -Konsantre Leke Çıkarıcı Yağ Çözücü,Q2M-APYA4000M,,,,,,,,,,,
Fra-Ber Brilliant Drakar Antistatik Konsol ve Iç Plastik Temizleyici Parlatıcı Parfümlü - 600 ml,70894,,,,,,,,,,,
Menzerna 3800 Super Finish Hare Giderici Cila 1 Lt,22992.261.001,,,,,,https://www.menzerna.com/car-care/car-polish/products/details/super-finish-plus-3800,https://www.theultimatefinish.co.uk/products/menzerna-super-finish-plus-3800.aspx,https://www.springriver.eu/menzerna-super-finish-plus-3800.html,https://www.elitecarcare.co.uk/product/menzerna-super-finish-plus-3800-finishing-polish-1-litre/,https://www.slimsdetailing.co.uk/products/menzerna-super-finish-plus-3800,
Gyeon Q²m Total Remover Balmumu Wax Cila Çözücü Koruma Sökücü - 1000 ml,Q2M-TOTR1000M,,,,,,https://www.polishedbliss.co.uk/products/gyeon-q-m-total-remover,https://www.cleanyourcar.co.uk/gyeon-q2m-total-remover,https://www.theultimatefinish.co.uk/products/gyeon-q2m-total-remover.aspx,https://www.tocsupplies.ca/products/gyeon-q-m-total-remover-500ml,https://carzilla.ca/products/gyeon-q2m-total-remover,https://www.detailedimage.com/Gyeon-M91/Total-Remover-P3565/500-ml-S1/
Gyeon Q²m Restartwash Seramik Kaplama Ppf Yenileyici Asidik Şampuan - 500 ml -Konsantre,Q2M-RWYA500M,,,,,,https://detailingworldnj.com/products/gyeon-q2m-restart-wash-400ml,https://carzilla.ca/products/gyeon-q2m-restart-wash-400ml,https://www.detailedimage.com/Gyeon-M91/Restart-Wash-P2457/400-ml-S1/,https://gyeon.co/product/restartwash/,,
Menzerna P175 Süper Parlatıcı Katı Cila Sarı Çok Amaçlı Yüzey Parlatıcı – 1300 gr,07984.056.001,,,,,,,,,,,
Menzerna 300 Super Heavy Cut Compound Yoğun Çizik Gid. Pasta 250 ml,22746.281.001,,,,,,,,,,,
Gyeon Q2 Mohs Evo Light Box 100 ml,Q2-MLE100M,,,,,,,,,,,
Gyeon Q2 AntiFog Buğu Önleyici 120ml,Q2-AF120M,,,,,,,,,,,
Menzerna GW16 Parlatıcı Katı Cila Bej Plastik Kompozit Boyalı Yüzey Parlatıcı – 1200 gr,12002.056.001,,,,,,,,,,,
Fra-Ber Innovacar S2 Foamy - Enzim Bazlı Yıkama Köpüğü 1lt,79283,,,,,,,,,,,
Menzerna Hare Hologram Giderici Cila Süngeri 2li Paket (Yeşil) - 95MM,26909.099.001,,,,,,,,,,,
Gyeon Quartz Q2m Polish-Silikonsuz Hare Giderici Cila 1 lt,Q2M-PO1000M,,,,,,https://www.in2detailing.co.uk/products/gyeon-q2m-polish?variant=39415771562063,https://gyeon.co/product/polish/,,,,
Menzerna Heavy Cut Premium Kırmızı Pasta Süngeri 150mm,26900.224.010,,,,,,https://www.menzerna.com/car-care/accessories/polishing-accessories/details/heavy-cut-foam-pad,https://intercash.pro/en/menzerna/5478-menzerna-foam-pad-heavy-cut-diam-150-mm-4260063012280.html,https://www.theultimatefinish.co.uk/products/menzerna-heavy-cut-foam-pad-red.aspx,https://www.springriver.eu/menzerna-heavy-cut-foam-pad-150mm.html,https://www.carcare24.eu/en/menzerna-heavy-cut-polishing-foam-pad-red-150mm.html,
Gyeon Q²m Tire Cleaner Araç Lastik Kauçuk Temizleyici - 500 ml -Güçlü Oto Teker Temizleyici,Q2M-TCYA500M,,,,,,https://www.polishedbliss.co.uk/products/gyeon-q2m-tirecleaner,https://clean-garage.com/gyeon-q2m-tire-cleaner-500ml-highly-effective-rubber-cleaner/,https://www.cleanyourcar.co.uk/gyeon-q-m-tire-cleaner,https://www.carcareproducts.com.au/products/gyeon-q2m-tire-cleaner-500ml,https://detailing.com/products/gyeon-q2m-tire-cleaner-500-ml,https://carzilla.ca/products/gyeon-qm-tire-cleaner-1000ml
"Fra-Ber Multıforce Çok Amaçlı Güçlü Yağ ve Kir Temizleyici (1:10 Konsantre) - 4,54 Lt",701010,,,,,,https://www.gecegy.com/en/shop/fra-ber-multiforce-italian-multi-purpose-stubborn-dirt-degreaser-4-54l-8165,https://shop.fra-ber.it/en/products/sgrassatore-potente-per-motori-olio-grasso-multiforce?variant=43696420683984,,,,
"Fra-Ber Lindo Cam, Lake ve Parlak Yüzey Temizleyici (1:10 Konsantre) - 5 kg",700466,,,,,,https://detailingmania.lv/en/products/fra-ber-lindo-4-54l-10---110---glass-cleaner,https://shop.fra-ber.it/en/products/detergente-per-vetri-auto-professionale-lindo?variant=43691459674320,,,,
Menzerna Rotary Polisaj Makineleri Matkap İçin Dayanıklı Ped Destek Disk Tabanlık - 75 mm,26934.099.001,,,,,,https://detailerplace.com/en/product/menzerna-polishing-pad-holder-rotary/,https://www.cleanyourcar.co.uk/menzerna-3-75mm-rotary-backing-plate,https://www.menzerna.com/car-care/accessories/polishing-accessories/details/premium-backing-plate,https://www.iclean.at/en/menzerna-backing-plate-75mm,,
Gyeon Q²m Coating Applicator Light Çift Taraflı Seramik Boya Yüzey Uygulama Pedi - 10'lu Paket,Q2M-CAP10P,,,,,,https://gyeon.co/product/coating-applicator/,https://www.detailedimage.com/Gyeon-M91/Coating-Applicator-2-Pack-P2461/,https://carzilla.ca/products/gyeon-q-m-coating-applicator-2-pack,https://www.carcareproducts.com.au/products/gyeon-q2m-suede-applicators-10x10-10-pack,,
Gyeon Q²m Interiordetailer Araç Içi Temizleyici - 4000 ml -Alkol Bazlı Dezenfektan,Q2M-IDYA4000M,,,,,,https://esotericcarcare.com/products/gyeon-q2m-interior-detailer,https://gyeon.co/product/interior-detailer/,https://www.detailstore.com.au/products/gyeon-q2m-interior-detailer-500ml,https://www.tocsupplies.ca/products/gyeon-q-m-interior-detailer-500ml-1l-4l,https://www.carclean.com/en/gyeon-q2m-interiordetailer-4000-ml.html,https://www.detailedimage.com/Gyeon-M91/Interior-Detailer-P2482/4-L-S3/
Fra-Ber Multıforce Çok Amaçlı Güçlü Yağ ve Kir Temizleyici Sprey - 600 gr,701040,,,,,,https://shop.fra-ber.it/en/products/sgrassatore-potente-per-motori-olio-grasso-multiforce?variant=43696420683984,,,,,
Menzerna Marin Gelcoat Boya 3in1 Tek Adım Pasta Cila Koruma - 1 Lt,24011.261.080,,,,,,https://www.menzerna.com/boat-care/boat-polish/details/gelcoat-premium-one-step-polish,https://www.detailedimage.com/Menzerna-M10/3in1-Cut-Gloss-Wax-P980/8-oz-S1/,https://carzilla.ca/products/menzerna-gelcoat-premium-one-step-polish,,,
Gyeon Q² Wax Hidrofobik Parlatıcı Boya Koruma 175GR,Q2-W175G,,,,,,https://gyeon.co/product/wax/,https://carzilla.ca/products/gyeon-q-wax-175g,https://www.polishedbliss.co.uk/products/gyeon-q-wax,https://www.detailedimage.com/Gyeon-M91/Wax-P2451/,,
Innovacar 0 Ammonıa Amonyaksız Cam Temizleyici Konsantre - 500 ml,700396,,,,,,https://rentek.ie/products/innovacar-0-ammonia-glass-cleaner,https://thehouseofrags.com/products/0-ammonia-glass-cleaner,https://en.innovacar.it/products/pulitore-vetri-auto-0-ammonia-glass-cleaner,,,
Fra-Ber Fraber Innovacar S2 Foamy Mavi Renkli Ph-Nötr Şampuan 1 Lt,700507,,,,,,https://jmproducts.be/en/products/innovacar-s2-foamy-color-blue,https://carzilla.ca/products/innovacar-s2-foamy-blue-flower-colored-foam,https://thecarcarebn.com/products/innovacar-s2-foamy-blue-flower-shampoo,https://thehouseofrags.com/products/s2-foamy-blue-flower,https://rentek.ie/products/innovacar-ds-scale-1l-copy,https://en.innovacar.it/products/shampoo-foam-auto-ph-neutro-s2-foamy-color-blu
Menzerna Cut Force Pro Altın Seri Ağır Çizik Giderici Kalın Pasta - 250 ml,22203.281.001,,,,,,https://carzilla.ca/products/menzerna-cut-force-pro-speed-compound,https://carzilla.ca/products/menzerna-cut-force-pro-speed-compound,,,,
Menzerna Ince Kesim Ara Kat Pasta Süngeri 2li Paket (Sarı) - 95MM,26908.099.001,,,,,,https://www.springriver.eu/menzerna-medium-cut-foam-pad-yellow-95-mm.html,https://www.theultimatefinish.co.uk/products/menzerna-medium-cut-foam-pad-yellow.aspx,https://www.thepolishingshop.co.uk/medium-cut-foam-pad-95mm-yellow-menzerna-premium-415507,https://www.menzerna.com/car-care/accessories/polishing-accessories/details/soft-cut-foam-pad,,
Gyeon Q²m Tar Redefıned Zift Katran Reçine Temizleyici ve Yapışkan Sökücü - 500 ml,Q2M-TR500M,,,,,,https://carzilla.ca/products/gyeon-q2m-tar-redefined,https://www.gyeon.be/en/shop/q2m-tar-redefined-2467,https://www.detailedimage.com/Gyeon-M91/Tar-P1426/500-ml-S1/,https://www.autogeek.net/gyeon-tar-500.html,,
Fra-Ber Reef Marin Krom ve Çelik Parçalar Için Pas ve Kireç Çözücü - 750 ml,75130,,,,,,https://shop.fra-ber.it/en/products/disincrostante-e-anticalcare-per-barche-reef?variant=43675767767248,https://detailingmania.lv/en/products/fra-ber-ko-iron-750ml---wheel-cleaner-and-de-ironiser,https://www.gecegy.com/en/shop/fra-ber-ko-iron-italian-cleaner-disinfectant-for-body-wheel-750ml-5313,https://www.noon.com/saudi-en/frapper-rim-cleaner-iron-rust-remover-750-ml/Z21FDEC03491E36B8E8E2Z/p/,,
Gyeon Q2M Kneel Mat,Q2M-KM,,,,,,https://gyeon.de/GYEON-QM-KneelMat,https://themicrofibershop.com/products/gyeon-q-m-kneel-mat,https://www.carcareproducts.com.au/products/gyeon-q2m-kneel-mat,https://www.goldlabelcarcare.co.uk/products/gyeon-q2m-kneel-mat,https://www.mycarcleaning.co.uk/products/gyeon-q2m-kneel-mat,
Gyeon Q2 One Evo Light Box 50 ml,Q2-OLE50M,,,,,,https://www.detailedimage.com/Gyeon-M91/One-Evo-P2587/50-ml-S2/,https://carzilla.ca/products/gyeon-one-evo-lightbox-30ml-50ml-100ml,https://gyeonusa.com/products/q-one-evo,,,
Fra-Ber Bersolux Cilalı Köpüklü Manuel Araç Yıkama Şampuanı (1:120 Konsantre) - 25 kg,70616,,,,,,https://shop.fra-ber.it/en/products/shampoo-per-auto-professionale-bersolux?variant=43696406462672,https://store.ecoclean-sa.com/en/products/39c27edb-1128-4f6f-8d88-5044e5f02cee,https://www.autopia.ie/product/bersolux-1l-polishing-shampoo/,,,
Fra-Ber Sentetik Güderi Bez Süper Kurulama Bezi 300 gr - 54X44 cm,70919,,,,,,https://hamiltonclassic.co.uk/products/absorber-chamois,https://elhuria.com/en/product/6241-italian-rim-cleaner-(without-discolouration)-750-ml-fra-ber-lega,https://shop.fra-ber.it/en/products/panno-in-pelle-per-auto-super-assorbente,,,
Fra-Ber Lava Interni B Aroma Enzimli Genel Amaçlı Detaylı Araç Temizleyici (1:40 Konsantre) - 5 kg,75614,,,,,,https://www.fra-ber.it/en/car-wash-detergents/interior-and-glass-detergents/lava-interni-b-aroma/,https://www.gecegy.com/en/shop/fra-ber-lava-interni-b-aroma-italian-intensive-detergent-for-fabrics-5l-5303,https://www.autopia.ie/product/fra-ber-lava-interni-b-aroma-fabric-cleaner/,,,
Fra-Ber Deotex Kötü Koku Giderici Tazeleyici Araç Parfümü Sprey - 750 ml,701610,,,,,,https://shop.fra-ber.it/en/products/cattura-rimuovi-elimina-odori-auto-deotex?variant=43740349333712,https://www.gecegy.com/en/shop/fra-ber-deotex-plus-sany-italian-deodorizing-sanitizing-treatment-250ml-9097,https://detailersa.com/products/deotex,,,
Fra-Ber Kimyasal Dayanıklı Ölçekli Canyon Sprey Başlıklı Şişe (Yeşil) - 1000 ml,79586-643,,,,,,https://shop.fra-ber.it/en/products/flaconi-graduati-da-1-litro-fra-ber?variant=43680672186576,https://detailersa.com/products/graduated-1l-bottle-only,,,,
"Fra-Ber Innovacar Innovacar D3 Tar Yağlı Artıklar, Katran, Asfalt ve Mumlar Için Yağ Çözücü",79293,,,,,,https://thehouseofrags.com/products/d3-tar,https://ledakcijas.lv/en/products/copy-of-bezudens-mazgasanas-lidzeklis-fra-ber-lustradry-750ml,https://detailingmania.lv/en/products/innovacar-d3-tar-500ml---tar-and-glue-remover,https://jmproducts.be/en/products/innovacar-d3-tar,https://en.innovacar.it/products/sciogli-catrame-e-rimuovi-resina-auto-d3-tar,
"Fra-Ber Fraber Ko Demir Tozu Temizleyici 4,54 Lt",700210,,,,,,https://www.gecegy.com/en/shop/fra-ber-ko-iron-italian-cleaner-disinfectant-for-body-wheel-4-54l-5311,https://www.bkap.eu/products/fra-ber-ko-iron-removedor-de-ferro-e-decontaminante-ferroso-4-54l,https://www.patriotis.com/en/fra-ber-ko-iron-454l,https://www.fra-ber.it/en/car-wash-detergents/rims-cleaning-and-tyres-shine/ko-iron/,,
Fra-Ber Pulitore Cerchi Enzimli Jant ve Balata Tozu Temizleyici Sprey - 750 ml,76006,,,,,,https://www.gecegy.com/en/shop/fra-ber-lega-italian-degreaser-for-rims-tires-750ml-5312,https://jmproducts.be/en/products/fra-ber-lega,https://shop.fra-ber.it/en/products/detergente-sgrassatore-pulitore-cerchi-lega?variant=43691867635920,,,
Gyeon Q²m Mf Applicator Evo Parmak Tip Uygulama Aplikatörü - 2li Paket,Q2M-MFAE,,,,,,https://gyeon.de/GYEON-QM-MF-Applicator-EVO-2-pieces,https://www.carclean.com/nl/gyeon-q2m-mf-applicator-evo-2-pack.html,https://www.detailedimage.com/Gyeon-M91/MF-Applicator-P1848/2-pack-S1/,https://www.polishedbliss.co.uk/products/gyeon-q2m-mf-applicators,https://carzilla.ca/products/gyeon-q-mf-applicator-2-pack,
Gyeon Q²m Compound+ Plus Redefıned Ağır Çizik Giderici Kalın Pasta - 1000 ml,Q2M-CMPR1000M,,,,,,https://www.polishedbliss.co.uk/products/gyeon-q2m-compound-plus,https://www.polishedbliss.co.uk/products/gyeon-q2m-compound-plus,https://carzilla.ca/products/gyeon-q2m-compound-plus-redefined,https://gyeon.co/product/compound-plus-redefined/,,
Gyeon Q²m Prep Seramik Ppf Folyo Kaplama Öncesi Yüzey Hazırlayıcı ve Temizleyici - 1000 ml,Q2M-PYA1000M,,,,,,https://gyeon.co/product/prep/,https://carzilla.ca/products/gyeon-q2m-prep-500ml,https://www.autogeek.net/gyeon-prep-liter.html,https://www.cleanandshiny.co.uk/products/gyeon-q2m-prep-500ml,https://www.goldlabelcarcare.co.uk/products/gyeon-q2m-prep,https://www.detailedimage.com/Gyeon-M91/Prep-P1420/500-ml-S1/
Gyeon Q²m Cure Redefined Araç Boya Koruma ve Bakım Spreyi - 100 ml -Seramik Bazlı Koruyucu Nano,Q2M-CRYA100M,,,,,,https://gyeon.co/product/cure-redefined/,https://www.polishedbliss.co.uk/products/gyeon-q2m-cure#product.info.description,https://carzilla.ca/products/gyeon-cure-redefined,,,
Gyeon Q²m Leatherwipe evo Deri Aksamlara Özel Temizleme Bezi 2'li Paket - 40X40 cm,Q2M-LWE40402P,,,,,,https://gyeonusa.com/products/leather-wipe-evo,https://autojoy.shop/products/gy-q2m-leatherwipe-evo,https://www.gsfcarparts.com/products/q-m-leatherwipe-evo-40x40-cm-pack-of-2-brnglwe402,https://carzilla.ca/products/gyeon-q2m-leather-wipe-evo,,
Fra-Ber Spumone Self Yağ Çözücü Güçlü Ön Yıkama Köpüğü - 1000 ml,700387,,,,,,https://shop.fra-ber.it/en/products/prodotto-prelavaggio-auto-e-detergente-spumone-self?variant=43696501948624,https://elhuria.com/en/product/6232-sabamone-high-concentration-outdoor-foam-1-liter-fra-ber-spumone-self,,,,
Fra-Ber Bean Classic Man Spray - Maskülen Erkek Kokusu Oto Kokusu – 150ML,76389,,,,,,https://www.autopia.ie/product/fra-ber-bean-classic-air-freshener/,,,,,
Fra-Ber Lustratouch Mum Bazlı Boya Koruyucu ve Parlatıcı - 5 Lt,75182,,,,,,https://shop.fra-ber.it/en/products/cera-spray-per-auto-e-polish-lucidante-lustratouch?variant=43664817586384,,,,,
Gyeon Q2 Ppf Seramik Kaplama 50 ml,Q2-PPFE50M,,,,,,https://carzilla.ca/products/gyeon-ppf-evo-ceramic-coating-50ml,https://www.polishedbliss.co.uk/products/gyeon-q2-ppf-evo,https://www.detailedimage.com/Gyeon-M91/PPF-Evo-P3096/50-ml-S1/,,,
Fra-Ber Brillant Plastik Vinil Ahşap Için Koruyucu Cila,74598,,,,,,https://shop.fra-ber.it/en/products/lucida-cruscotti-professionale-auto-brilliant?variant=43698062655696,,,,,
Menzerna Power Lock Ultimate Protection-Üstün Boya Koruma 1 Lt,22070.261.001,,,,,,https://carzilla.ca/products/menzerna-power-lock-ultimate-protection-32oz,https://www.menzerna.com/car-care/car-polish/products/details/power-lock-ultimate-protection,https://www.theultimatefinish.co.uk/products/menzerna-power-lock.aspx,,,
Fra-Ber Kimyasal Dayanıklı Ölçekli Canyon Sprey Başlıklı Şişe (Siyah) - 1000 ml,79588-643,,,,,,https://www.patriotis.com/en/fra-ber-spray-bottle-blue-1l,https://ashupads.in/products/fra-ber-color-coded-chemical-resistant-spray-bottles-1000ml-with-dilution-ratio-guide-blue-black-green,https://shop.fra-ber.it/en/products/flaconi-graduati-da-1-litro-fra-ber?variant=43680672186576,,,
"Fra-Ber Lega Jant, Balata, Toz Temizleyici, Parlatıcı 750 Ml",70864,,,,,,https://shop.fra-ber.it/en/products/detergente-sgrassatore-pulitore-cerchi-lega?variant=43691867635920,https://elhuria.com/en/product/6241-italian-rim-cleaner-(without-discolouration)-750-ml-fra-ber-lega,https://www.gecegy.com/en/shop/fra-ber-lega-italian-degreaser-for-rims-tires-750ml-5312,https://detailingmania.lv/en/products/fra-ber-lega-750ml---wheel-cleaner-7784,https://www.autopia.ie/product/fra-ber-lega-wheel-cleaner-ready-to-use/,https://store.ecoclean-sa.com/en/products/aa1a1ccd-6ed8-4ec1-b3f2-5b5ee98e6ebb
Menzerna Soft Cut Premium Yeşil Hare Giderici Cila Süngeri 150 mm,26900.224.012,,,,,,https://www.menzerna.com/car-care/accessories/polishing-accessories/details/soft-cut-foam-pad,https://gbdetailing.com/products/menzerna-foam-pad-green-soft-cut-150mm-6,,,,
Gyeon Q2 Primer 120 ml,Q2-PR120M,,,,,,https://gyeon.co/product/primer/,https://www.detailedimage.com/Gyeon-M91/Primer-P1476/120-ml-S1/,https://www.polishedbliss.co.uk/products/gyeon-q2-primer#product.info.description,https://www.mycarcleaning.co.uk/products/gyeon-q2-primer,https://www.professionaldetailingproducts.com/products/gyeon-q2-primer-120ml,
Gyeon Q²m Trim Cleaner Anti-Statik Plastik Trim Vinil Motor Parçalara Özel Temizleyici - 500 ml,Q2M-TRC500M,,,,,,https://www.detailedimage.com/Gyeon-M91/Vinyl-Cleaner-P1517/500-ml-S1/,https://carzilla.ca/products/gyeon-q2m-trim-cleaner,https://www.polishedbliss.co.uk/products/gyeon-q2m-trim-cleaner#product.info.description,https://www.goldlabelcarcare.co.uk/collections/frontpage/products/gyeon-q-m-trim-cleaner-500ml,https://urbanwerksdetailshop.com/products/gyeon-vinyl-cleaner,https://www.cleanandshiny.co.uk/products/gyeon-q2m-trimcleaner
Fra-Ber Kimyasal Dayanıklı Ölçekli Canyon Sprey Başlıklı Şişe (Mavi) - 1000 ml,79587-643,,,,,,https://shop.fra-ber.it/en/products/pompa-precompressione-manuale-2-litri-spray-pump?variant=43682745221328,,,,,
Gyeon Q²m Seat Cover Araç Ön Koltuk Koruyucu Kılıf Siyah - 1 Adet,Q2M-SCOV,,,,,,https://autojoy.shop/products/qy-q2m-seatcover,https://www.ghm.lt/shop/en/safety-equipment-and-tools/1383-gyeon-qm-seatcover.html,https://themicrofibershop.com/products/gyeon-q-m-seatcover,https://www.carclean.com/en/gyeon-q2m-seatcover.html,https://2js.co.za/product/gyeon-q%C2%B2m-seat-covers/,https://detailingmania.lv/en/products/gyeon-q2m-seat-cover---seat-cover
Fra-Ber Innovacar Innovacar S1 Wash & Coat - Seramikli Boya Koruyucu Şampuan - 1lt,79286,,,,,,https://carzilla.ca/products/innovacar-s1-wash-coat,https://jmproducts.be/en/products/innovacar-s1-wash-coat,https://liquidmaster.pl/en/innovacar-s1-wash-coat-1l-szampon-z-sio2/,https://detailersa.com/products/s1-wash-and-coat-innovacar,https://thehouseofrags.com/products/s1-wash-coat,https://innovacar.ie/products/innovacar-s1-wash-and-coat
Menzerna Medium Cut Premium Sarı Pasta Süngeri 150mm,26900.224.011,,,,,,https://www.menzerna.com/car-care/accessories/polishing-accessories/details/medium-cut-foam-pad,https://www.thepolishingshop.co.uk/medium-cut-foam-pad-yellow-menzerna-premium-415505,https://www.theultimatefinish.co.uk/products/menzerna-medium-cut-foam-pad-yellow.aspx,https://www.polishedbliss.co.uk/products/menzerna-medium-cut-foam-pad#product.info.description,https://www.autofresh.in/menzerna-medium-cut-foam-pad-yellow/,https://www.carcare24.eu/en/menzerna-medium-cut-polishing-foam-pad-yellow-150mm.html
Menzerna Polisaj Dayanıklı Tabanlığı Kırmızı 123 MM,26931.099.001,,,,,,https://www.menzerna.com/car-care/accessories/polishing-accessories/details/premium-backing-plate,https://menzerna-shop.de/Menzerna-Premium-backing-pad-123mm-damped-for-150-mm-pads-M14,https://www.springriver.eu/menzerna-premium-backing-plate-123-mm.html,https://maazzo.com/products/menzerna-backing-plates-for-premium-pads,,
Menzerna Heavy Cut Compound 400 Green Line 1 Lt,22200.261.001,,,,,,https://www.menzerna.com/car-care/car-polish/products/details/heavy-cut-compound-400-green-line,https://www.detailedimage.com/Menzerna-M10/Fast-Gloss-400-Compound-P688/8-oz-S2/,,,,
Gyeon Q2 Syncro Evo Light Box 30 ml,Q2-SLE30M,,,,,,https://gyeon.co/product/syncro-evo/,https://carzilla.ca/products/gyeon-syncro-evo-lightbox-30ml-50ml,https://www.detailedimage.com/Gyeon-M91/Syncro-Evo-P2590/30-ml-Kit-S1/,,,
Gyeon Q² View Evo Cam Su Itici Yağmur Kaydırıcı Seramik Kaplama - 20 ml,Q2-VE20M,,,,,,https://www.theultimatefinish.co.uk/products/gyeon-q2-view-evo.aspx?variant=7070,https://www.polishedbliss.co.uk/products/gyeon-q2-view-evo#product.info.description,https://www.autogeek.net/gyeon-view.html,https://gyeon.co/product/view-evo/,,
Menzerna Rotary Polisaj Makineleri İçin Esnek ve Dayanıklı Ped Destek Disk Tabanlık - 148 mm,26935.099.001,,,,,,https://motodox.de/Menzerna-Premium-backing-pad-148mm-damped-for-180-mm-pads-M14,https://menzerna-shop.de/Menzerna-Premium-backing-pad-148mm-damped-for-180-mm-pads-M14,https://www.springriver.eu/menzerna-premium-backing-plate-148-mm.html,https://www.menzerna.com/car-care/accessories/polishing-accessories/details/premium-backing-plate,,
Fra-Ber Gommanera Lastik Parlatıcı (1:5 Konsantre) - 5 kg,71706,,,,,,https://www.fra-ber.it/en/car-wash-detergents/rims-cleaning-and-tyres-shine/gommanera-superlux/,,,,,
"Innovacar %100 Scale Su Izi Temizleyici Kireç Çözücü ve Önleyici Konsantre - 4,54 Lt",701350,,,,,,https://en.innovacar.it/products/decontaminante-anticalcare-per-auto-carrozzeria-vetri-e-fari-100-scale/,https://detailersa.com/products/100-scale,https://carzilla.ca/products/innovacar-100-scale,https://thehouseofrags.com/products/100-scale-by-innovacar,https://detailingmania.lv/en/products/innovacar-ds-scale-1l-concentrate---waterspotscale-remover,
Gyeon Q2M Polish Hare Giderici Cila 120 ml.,Q2M-PO120M,,,,,,https://www.detailstore.com.au/en-cn/products/gyeon-q2m-polish-120ml,https://gyeon.co/product/polish/,https://www.polishedbliss.co.uk/products/gyeon-q2m-polish#product.info.description,,,
Fra-Ber Nanotech Koruyucu ve Parlatıcı Hızlı Cila Vişne Kokulu (1:200 Konsantre) - 1000 ml,74062,,,,,,https://www.fra-ber.it/en/car-wash-detergents/waxes/nanotech-self-cherry/,,,,,
Fra-Ber Innovacar Sp1 Prewash Enzimli Ön Yıkama Şampuanı Konsantre - 1 Lt,79280,,,,,,https://en.innovacar.it/products/detergente-shampoo-prelavaggio-auto-sp1-prewash/,https://detailingmania.lv/en/products/innovacar-sp1-prewash-1l---active-foam,https://carzilla.ca/products/innovacar-sp1-prewash,https://rentek.ie/products/innovacar-w1-quick-detailer-500ml-copy,,
Fra-Ber Tex Kumaş Temizleyici ve Koruyucu Köpük 600ML.,70901,,,,,,https://shop.fra-ber.it/en/products/smacchiatore-pulitore-tessuti-e-sedili-auto-tex?variant=43696801677520,https://detailersa.com/products/tex-600ml-fra-ber,https://elhuria.com/en/product/6243-fra-ber-tex-interior-cleaning-foam-upholstery-leather-cleaner-600ml,https://www.gecuae.com/shop/fra-ber-tex-italian-active-foam-cleans-600ml-5302,,
Menzerna Yeni 400 Ağır Çizik Giderici Kalın Pasta - 1 kg,22202.260.001,,,,,,https://www.menzerna.com/car-care/car-polish/products/details/heavy-cut-compound-400,https://www.detailedimage.com/Menzerna-M10/Fast-Gloss-400-Compound-P688/128-oz-S3/,https://carzilla.ca/products/fg400-fast-gloss-compound-32oz,https://www.polishedbliss.co.uk/products/menzerna-heavy-cut-compound-400-fg400#product.info.description,,
Innovacar %100 Scale Su Izi Temizleyici Kireç Çözücü ve Önleyici Konsantre - 500 ml,701344,,,,,,https://rentek.ie/products/innovacar-sp1-prewash-1l-copy-1,https://thehouseofrags.com/products/100-scale-by-innovacar,https://detailingmania.lv/en/products/innovacar-ds-scale-1l-concentrate---waterspotscale-remover,https://en.innovacar.it/products/decontaminante-anticalcare-per-auto-carrozzeria-vetri-e-fari-100-scale,,
Fra-Ber Lava Interni B Genel Amaçlı Detaylı Araç Temizleyici (1:25 Konsantre) - 5 kg,71675,,,,,,https://www.fra-ber.it/en/car-wash-detergents/interior-and-glass-detergents/lava-interni-b-aroma/,https://www.autopia.ie/product/fra-ber-lava-interni-b-aroma-fabric-cleaner/,https://www.kemitek.lv/en/prc/1107-17/fra-ber-lava_interni_b_aroma/,https://detailingmania.lv/en/products/fra-ber-green-line-lava-interni-b-aroma-5kg-125---150---all-purpose-cleaner,,
Fra-Ber Lavavetro Estıvo Cam Suyu Katkısı Parfümlü - 1000 ml,701606,,,,,,https://shop.fra-ber.it/en/products/liquido-additivo-tergicristalli-estivo-no-insect?variant=43708149924048,https://www.gecegy.com/en/shop/fra-ber-pulitutto-italian-multi-purpose-cleaner-1000ml-5300,,,,
"Frabes Innovacar Sc2 Dressing - Plastik, Vinil, Deri, Kauçuk Ve Akrilik Yüzey Koruyucu - 500ml Inn",79298,,,,,,https://en.innovacar.it/products/rigeneratore-plastiche-auto-sc2-dressing,https://thehouseofrags.com/products/sc2-dressing,https://rentek.ie/products/innovacar-sc0-hydro-sealant-500ml-copy,,,
Gyeon Quartz Q1 Premium Maskeleme Bantı 48mm x 50 mm 1 Adet,MT14850M,,,,,,https://rollroy.com/uk/q1-premium-masking-tape-50-mm-x-50-mtr-301050,https://www.mypaintbrush.co.uk/q1-premium-masking-tape-2,https://refinishsupplies.co.uk/product/48mm-premium-automotive-masking-tape-box-20/,https://www.ccpaints.co.uk/product-page/q1-premium-automotive-masking-tape-48mm-2,https://www.q1tapes.com/en/automotive/masking-tapes/masking-tape-product/q1-premium-masking-tape,
Gyeon Q² One Evo Light Box Araç Seramik Kaplama - 30 ml - 9h Oto Boya Koruma-Su Itici,Q2-OLE30M,,,,,,https://gyeonusa.com/products/q-one-evo-kit,https://www.polishedbliss.co.uk/products/gyeon-q2-one-evo-light#product.info.description,https://carzilla.ca/products/gyeon-q2-one-evo-30ml-50ml,,,
Fra-Ber Ko Iron Demir Tozu Sökücü ve Jant Temizleyici - 750 ml,700482,,,,,,https://www.fra-ber.it/en/car-wash-detergents/rims-cleaning-and-tyres-shine/ko-iron/,https://www.patriotis.com/en/fra-ber-ko-iron-454l,https://www.gecegy.com/en/shop/fra-ber-ko-iron-italian-cleaner-disinfectant-for-body-wheel-750ml-5313,https://www.detailedimage.com/DIY-Detail-M141/Iron-Remover-P3332/16-oz-S1/,https://www.polishedbliss.co.uk/products/carpro-ironx#product.info.description,https://carzilla.ca/products/carpro-ironx-cherry-500ml
Fra-Ber Neve Yoğun Köpüklü Araç Yıkama Şampuanı Cilalı Parfümlü Oto Köpüğü - 1 Lt,701801,,,,,,https://www.fra-ber.it/en/car-wash-detergents/foam-shampoo/neve/,https://www.labocosmetica.com/product/neve-best-snow-foam-prewash-neutral-shampoo-gun-detailing/,,,,
Menzerna Likit Matlaştırıcı Pasta - 1 Lt,20144.261.001,,,,,,https://www.killerbrands.co.uk/products/menzerna-liquid-matt-1-litre,https://www.theultimatefinish.co.uk/products/menzerna-liquid-matt.aspx,https://motorsportandspares.com/products/menzerna-liquid-matt-1-litre,https://www.detailedimage.com/Menzerna-M10/Liquid-Matt-Surface-Prep-P868/1-L-S1/,,
Gyeon Q²m Prep Seramik Ppf Folyo Kaplama Öncesi Yüzey Hazırlayıcı ve Temizleyici - 500 ml,Q2M-PYA500M,,,,,,https://gyeon.co/product/prep/,https://www.cadetailing.co.uk/products/gyeon-q-m-prep-500-ml,https://www.goldlabelcarcare.co.uk/products/gyeon-q2m-prep,https://carzilla.ca/products/gyeon-q2m-prep-500ml,https://www.polishedbliss.co.uk/products/gyeon-q2m-prep#product.info.description,
Gyeon Q2M Compound 120 ml,Q2M-CM120M,,,,,,https://www.polishedbliss.co.uk/products/gyeon-q2m-compound#product.info.description,https://gyeon.co/product/compound/,https://carzilla.ca/products/gyeon-q2m-compound-plus-redefined,https://www.cleanyourcar.co.uk/gyeon-q-m-compound,https://whitewatersolution.com/gyeon/polishing/,https://www.detailedimage.com/Gyeon-M91/Primer-P1476/120-ml-S1/
Gyeon Q²m Leatherset Natural Modern Deri Günlük Hafif Temizlik ve Bakım Seti (5 Parça) - 200 ml,Q2M-LSN200M,,,,,,https://gyeon.co/product/leather-set-natural/,https://carzilla.ca/products/gyeon-q2m-leather-set-natural,https://www.cleanyourcar.co.uk/gyeon-q2m-odor-remover-pads,https://www.polishedbliss.co.uk/products/gyeon-q-m-leather-set-natural#product.info.description,https://www.mycarcleaning.co.uk/products/gyeon-q2m-leather-set-natural,https://www.detailstore.com.au/products/gyeon-q2m-leather-set-mild-200ml
Fraber Innovacar Innovacar H2O Coat Anlık Hidrofobik Güçlendirici 1l,79304,,,,,,https://carzilla.ca/products/innovacar-h2o-coat,https://rentek.ie/products/innovacar-ds-scale-1l-copy-1,https://detailingmania.lv/en/products/innovacar-h2o-coat-1l---nano-wax-water-repellent,https://h2oautodetailsupply.com/products/innovacar-h2o-coat,https://www.autopia.ie/product/innovacar-h20-coat/,https://thehouseofrags.com/products/h2o-coat
Menzerna Power Finish 2500 - Hare Giderici Cila 1Lt.,22828.261.001,,,,,,https://www.menzerna.com/car-care/car-polish/products/details/medium-cut-polish-2500,https://www.detailedimage.com/Menzerna-M10/Power-Finish-PF-2500-PO203-P649/32-oz-S2/,https://carzilla.ca/products/pf-2500-power-finish-polish,https://clean-garage.com/menzerna-2500-medium-cut-polish-32oz-m-2500q-quart/,https://www.autogeek.net/menzerna-polish-po203.html,https://auto-brite.ca/product/menzerna-2500-medium-cut/
Gyeon Q²m Glass Polish Cam Pastası Leke Temizleyici Kireç Çözücü Hafif Çizik Giderici - 250 ml,Q2M-GP250M,,,,,,https://gyeon.co/product/glass-polish/,https://carzilla.ca/products/gyeon-q2m-glasspolish,https://www.cleanyourcar.co.uk/gyeon-q2m-odor-remover-pads,https://autojoy.shop/products/qy-q2m-glasspolish,https://detailculture.com/products/gyeon-q2m-glass-polish,https://www.theultimatefinish.co.uk/products/gyeon-q2m-glass-polish.aspx
Gyeon Q²m Iron Wheel Cleaner Redefıned Jant Temizleyici Demir Tozu Balata Tozu Çözücü - 4000 ml,Q2M-IWCR4000M,,,,,,https://gyeon.co/product/iron-wheelcleaner-redefined/,https://carzilla.ca/products/gyeon-q2m-iron-wheel-cleaner-redefined,https://www.cleanyourcar.co.uk/gyeon-iron-wheel-cleaner,https://www.polishedbliss.co.uk/products/gyeon-q2m-iron-wheel-cleaner-redefined#product.info.description,https://www.gsfcarparts.com/products/q-m-iron-wheelcleaner-redefined-4000-ml-brngiwc4000r,https://www.theultimatefinish.co.uk/products/gyeon-q2m-iron-wheel-cleaner-redefined.aspx
Gyeon Q2M Coating Applicator 2-Pack,Q2M-CA2P,,,,,,https://carzilla.ca/products/gyeon-q-m-coating-applicator-2-pack,https://www.cleanandshiny.co.uk/products/gyeon-q2m-coating-applicator-2-pack,https://www.detailedimage.com/Gyeon-M91/Coating-Applicator-2-Pack-P2461/,https://www.carclean.com/en/gyeon-q2m-coating-applicator-2-pack.html,https://www.in2detailing.co.uk/products/gyeon-q2m-coating-applicator?variant=39670052520015,https://www.theultimatefinish.co.uk/products/gyeon-q2m-coating-applicator.aspx
"Menzerna Premium Orbital Kuzu Yünü Polisaj Keçesi 165MM/6,5""",26915.099.001,,,,,,https://www.menzerna.com/car-care/accessories/polishing-accessories/details/orbital-wool-pad,https://www.polishedbliss.co.uk/collections/new-products/products/menzerna-orbital-wool-pad#product.info.description,https://www.springriver.eu/menzerna-orbital-wool-pad-165-mm.html,https://www.ghm.lt/shop/en/wool-pads/1374-menzerna-orbital-wool-pad-lambswool-polishing-pad.html,https://www.ghm.lt/shop/en/wool-pads/1374-menzerna-orbital-wool-pad-lambswool-polishing-pad.html,https://detailmate.de/Menzerna-Premium-Orbital-Wool-Pad-165mm-65_1
Menzerna M5 Süper Parlatıcı Katı Cila Beyaz Değerli Metaller Paslanmaz Çelik Boyalı Yüzey Parlatıcı,07933.056.001,,,,,,https://eickelit.com/en/menzerna-m5-super-finish-compound-sku-300-m5.html,https://watchmakershop.com/products/menzerna-polishing-paste-m5-for-stainless-steel-precious-metals-and-lacquer-0-500-kg,https://carzilla.ca/products/menzerna-m5-precious-metal-super-finish,https://msdistributorspr.com/products/m5-super-finishing-paste-compound,,
Menzerna Cut Force Pro Altın Seri Ağır Çizik Giderici Kalın Pasta - 1 Lt,22203.261.001,,,,,,https://www.menzerna.com/car-care/car-polish/products/details/cut-force-pro,https://www.theultimatefinish.co.uk/products/menzerna-cut-force-pro.aspx,https://www.cleanyourcar.co.uk/menzerna-cut-force-pro,https://carzilla.ca/products/menzerna-cut-force-pro-speed-compound,https://www.polishedbliss.co.uk/products/menzerna-cut-force-pro#product.info.description,https://www.carcare24.eu/en/menzerna-cut-force-pro-one-step-polishing-compound-1l.html
Gyeon Q² Rim Evo Jantlara Özel Koruyucu Seramik Kaplama - 30 ml,Q2-RE30M,,,,,,https://gyeon.co/product/rim-evo/,https://carzilla.ca/products/gyeon-rim-evo,https://esotericcarcare.com/products/gyeon-q2-rim-evo,https://www.autogeek.net/gyeon-rim.html,https://mrcleaner.pl/en/rim-protection/gyeon-q2-rim-evo-30ml,
Gyeon Q²m Odorremover Pads Kötü Koku Giderici Ped - 4'lü Paket -Çok Amaçlı Koku Giderici,Q2M-ORP4P,,,,,,https://www.mycarcleaning.co.uk/products/gyeon-q2m-odor-remover-pads,https://autolab.bg/en/product/4745/gyeon-q2m-odorremover-pads-4pack.html,https://www.detailstore.com.au/products/gyeon-q2m-odor-remover-pads-4-pack,https://www.gsfcarparts.com/products/brngorp4,https://www.in2detailing.co.uk/products/gyeon-q2m-odor-odour-remover-pads?variant=53273073189251,https://www.cleanandshiny.co.uk/products/gyeon-q2m-odor-remover-pads
"Menzerna Premium Orbital Kuzu Yünü Polisaj Keçesi 140 Mm/5,5""",26914.099.001,,,,,,https://www.polishedbliss.co.uk/products/menzerna-orbital-wool-pad#product.info.description,https://detaildepot.co.nz/products/menzerna-orbital-wool-pad-140mm,https://detailerplace.com/en/product/menzerna-orbital-wool-pad/,https://maazzo.com/products/menzerna-orbital-wool-pad-140mm-5-5-high-performance-polishing-pad-for-dual-action-random-orbital-polishers,https://www.springriver.eu/menzerna-orbital-wool-pad-140-mm.html,